{"称号": "循循守月", "全名/本名": "甘雨（Ganyu）", "所在国家": "璃月", "出身国家": "", "种族": "半仙（麒麟）", "性别": "女", "稀有度": "5星", "常驻/限定": "限定UP", "神之眼": "冰元素", "武器类型": "弓武器使用", "始基力": "", "命之座": "仙麟座", "特殊料理": "盛世太平", "实装日期": "2021年01月12日（1.2版本）", "TAG": "嘲讽、减抗、伤害提升、自身暴击率提升、锻造返还", "介绍": "月海亭的秘书，体内流淌着仙兽「麒麟」的血脉。"}
{"称号": "白垩之子", "全名/本名": "阿贝多（Albedo）", "所在国家": "蒙德", "出身国家": "坎瑞亚", "种族": "炼金造物", "性别": "男", "稀有度": "5星", "常驻/限定": "限定UP", "神之眼": "岩元素", "武器类型": "单手剑武器使用", "始基力": "", "命之座": "白垩之子座", "特殊料理": "「林之梦」", "实装日期": "2020年12月23日（1.2版本）", "TAG": "伤害提升、精通加成、炼金返还、协同攻击、自身伤害提升、岩造物、能量恢复、自身倍率附加", "介绍": "西风骑士团首席炼金术师兼调查小队队长，被称作「白垩之子」的天才。"}
{"称号": "焮火铸魂", "全名/本名": "希诺宁（Xilonen）", "所在国家": "纳塔", "出身国家": "", "种族": "兽人（豹猫人）", "性别": "女", "稀有度": "5星", "常驻/限定": "限定UP", "神之眼": "岩元素", "武器类型": "单手剑武器使用", "始基力": "", "命之座": "豹猫座", "特殊料理": "果味奶糖", "实装日期": "2024年10月09日（5.1版本）", "TAG": "特殊元素附魔、减抗、治疗、抗打断、加攻、生命值提升、暴击伤害提升、能量回复、冷却缩减、夜魂、下落免疫、快速移动、自身倍率附加、伤害提升", "介绍": "纳茨卡延的铸名师，善于在工作的重担与舒适的生活之间找到平衡点。"}
{"称号": "智明无邪", "全名/本名": "烟绯（Yanfei）", "所在国家": "璃月", "出身国家": "", "种族": "半仙", "性别": "女", "稀有度": "4星", "常驻/限定": "常驻", "神之眼": "火元素", "武器类型": "法器武器使用", "始基力": "", "命之座": "法兽座", "特殊料理": "「自有方圆」", "实装日期": "2021年04月28日（1.5版本）", "TAG": "自身体力消耗降低、自身伤害提升、特产探索、自身抗打断、护盾", "介绍": "活跃在璃月港的知名律法咨询师，混有仙兽血脉的精明少女。"}
{"称号": "棘冠恩典", "全名/本名": "罗莎莉亚（Rosaria）", "所在国家": "蒙德", "出身国家": "", "种族": "人类", "性别": "女", "稀有度": "4星", "常驻/限定": "常驻", "神之眼": "冰元素", "武器类型": "长柄武器武器使用", "始基力": "", "命之座": "荆冠座", "特殊料理": "审判的晚宴", "实装日期": "2021年04月06日（1.4版本）", "TAG": "减抗、暴击率提升、移速提升、移速提升（天赋）、能量恢复、技能延长", "介绍": "除了打扮哪里都不像神职人员的修女。冷淡的言行中透着锐利。总是单独行动。"}
{"称号": "护法夜叉", "全名/本名": "魈（Xiao）", "所在国家": "璃月", "出身国家": "", "种族": "仙人", "性别": "男", "稀有度": "5星", "常驻/限定": "限定UP", "神之眼": "风元素", "武器类型": "长柄武器武器使用", "始基力": "", "命之座": "金翅鹏王座", "特殊料理": "「美梦」", "实装日期": "2021年02月03日（1.3版本）", "TAG": "位移、攀爬消耗减少、生命损耗、特殊元素附魔、自身伤害提升、下落免疫、自身元素充能效率提升、下落攻击", "介绍": "守护璃月的仙人，「夜叉」。美号「降魔大圣」，妙称「护法夜叉大将」。"}
{"称号": "雪霁梅香", "全名/本名": "胡桃（Hu Tao）", "所在国家": "璃月", "出身国家": "", "种族": "人类", "性别": "女", "稀有度": "5星", "常驻/限定": "限定UP", "神之眼": "火元素", "武器类型": "长柄武器武器使用", "始基力": "", "命之座": "引蝶座", "特殊料理": "幽幽大行军", "实装日期": "2021年03月02日（1.3版本）", "TAG": "暴击率提升、烹饪、生命损耗、特殊元素附魔、自身治疗、自身抗打断、自身伤害提升、自身抗性提高、自身体力消耗降低", "介绍": "「往生堂」七十七代堂主，年纪轻轻就已主掌璃月的葬仪事务"}
{"称号": "浪沫的旋舞", "全名/本名": "优菈·劳伦斯（Eula Lawrence）", "所在国家": "蒙德", "出身国家": "", "种族": "人类", "性别": "女", "稀有度": "5星", "常驻/限定": "限定UP", "神之眼": "冰元素", "武器类型": "双手剑武器使用", "始基力": "", "命之座": "浪沫座", "特殊料理": "骇浪派", "实装日期": "2021年05月18日（1.5版本）", "TAG": "减抗、炼金返还、自身伤害提升、自身抗打断、物理输出、自身加防、冷却减少", "介绍": "古老家族出身的「浪花骑士」，西风骑士团游击小队队长。身为旧贵族后裔却加入了堪称死对头的西风骑士团，该事件至今仍是蒙德一大谜团。"}
{"称号": "红叶逐荒波", "全名/本名": "枫原万叶（Kaedehara Kazuha）", "所在国家": "稻妻", "出身国家": "", "种族": "人类", "性别": "男", "稀有度": "5星", "常驻/限定": "限定UP", "神之眼": "风元素", "武器类型": "单手剑武器使用", "始基力": "", "命之座": "枫红座", "特殊料理": "雨奇晴好", "实装日期": "2021年06月29日（1.6版本）", "TAG": "伤害提升、聚怪、冲刺消耗减少、精通加成、冷却减少、能量恢复、自身伤害提升、自身附魔、下落攻击、元素转化", "介绍": "来自稻妻的浪人武士，如今栖身于璃月船队「南十字」中。性情温和而洒脱，心中埋藏着许多往事。"}
{"称号": "白鹭霜华", "全名/本名": "神里绫华（Kamisato Ayaka）", "所在国家": "稻妻", "出身国家": "", "种族": "人类", "性别": "女", "稀有度": "5星", "常驻/限定": "限定UP", "神之眼": "冰元素", "武器类型": "单手剑武器使用", "始基力": "", "命之座": "雪鹤座", "特殊料理": "「红炉一点雪」", "实装日期": "2021年07月21日（2.0版本）", "TAG": "减防、炼金返还、快速移动、自身附魔、自身伤害提升、自身体力回复", "介绍": "稻妻「社奉行」神里家的大小姐。端庄而文雅，聪慧又坚韧。"}
{"称号": "旅行者", "全名/本名": "空/荧（Aether/Lumine）", "所在国家": "其它", "出身国家": "", "种族": "", "性别": "男/女", "稀有度": "5星", "常驻/限定": "常驻", "元素属性": "雷元素", "武器类型": "单手剑武器使用", "始基力": "", "命之座": "旅人座", "特殊料理": "", "实装日期": "2021年07月21日（2.0版本）", "TAG": "减抗、能量回复、冷却减少、元素充能效率提升", "介绍": "从世界之外漂流而来的旅行者，被神带走血亲，自此踏上寻找七神之路。"}
{"称号": "忍里之貉", "全名/本名": "早柚（Sayu）", "所在国家": "稻妻", "出身国家": "", "种族": "人类", "性别": "女", "稀有度": "4星", "常驻/限定": "常驻", "神之眼": "风元素", "武器类型": "双手剑武器使用", "始基力": "", "命之座": "小貉座", "特殊料理": "头晕回避术·改", "实装日期": "2021年08月10日（2.0版本）", "TAG": "治疗、生物亲和、快速移动、能量恢复、自身倍率附加、元素转化", "介绍": "属于「终末番」的忍者。身形小巧，总像没睡饱一样。"}
{"称号": "琉焰华舞", "全名/本名": "长野原宵宫（Naganohara Yoimiya）", "所在国家": "稻妻", "出身国家": "", "种族": "人类", "性别": "女", "稀有度": "5星", "常驻/限定": "限定UP", "神之眼": "火元素", "武器类型": "弓武器使用", "始基力": "", "命之座": "琉金座", "特殊料理": "夏祭游鱼", "实装日期": "2021年08月10日（2.0版本）", "TAG": "加攻、摆设返还、特殊元素附魔、自身伤害提升、技能延长、冷却减少", "介绍": "「长野原烟花店」店长，「夏祭的女王」，将人们的愿望寄托于烟花中的能工巧匠。"}
{"称号": "黑羽鸣镝", "全名/本名": "九条裟罗（Kujou Sara）", "所在国家": "稻妻", "出身国家": "", "种族": "天狗", "性别": "女", "稀有度": "4星", "常驻/限定": "常驻", "神之眼": "雷元素", "武器类型": "弓武器使用", "始基力": "", "命之座": "羽团扇座", "特殊料理": "永恒的信仰", "实装日期": "2021年09月01日（2.1版本）", "TAG": "加攻、暴击伤害提升、能量回复、派遣、冷却减少", "介绍": "「天领奉行」的大将，杀伐果断，骁勇善战。"}
{"称号": "一心净土", "全名/本名": "巴尔泽布/雷电影（Beelzebul/Raiden Ei）", "所在国家": "稻妻", "出身国家": "", "种族": "魔神/人偶", "性别": "女", "稀有度": "5星", "常驻/限定": "限定UP", "神之心": "雷元素", "武器类型": "长柄武器武器使用", "始基力": "", "命之座": "天下人座", "特殊料理": "该角色无法参与料理", "实装日期": "2021年09月01日（2.1版本）", "TAG": "加攻、伤害提升、能量回复、冷却缩减、突破返还、协同攻击、武器幻化、无视防御、自身抗打断、自身伤害提升、感电免疫", "介绍": "其身为御建鸣神主尊大御所大人，许稻妻人民以亘古不变之「永恒」"}
{"称号": "「异界的救世主」", "全名/本名": "埃洛伊（Aloy）", "所在国家": "其它", "出身国家": "", "种族": "", "性别": "女", "稀有度": "5星", "常驻/限定": "限定UP", "神之眼": "冰元素", "武器类型": "弓武器使用", "始基力": "", "命之座": "诺拉勇者座", "特殊料理": "饱腹感凝胶", "实装日期": "2021年09月01日(PS4/PS5) 10月13日(全平台)（2.1版本）", "TAG": "加攻、减攻、生物亲和、特殊元素附魔、自身伤害提升", "介绍": "曾经是流放者，如今则是无比机敏的猎手。随时准备着为了正当之事而挽弓放箭。"}
{"称号": "命运试金石", "全名/本名": "班尼特（Bennett）", "所在国家": "蒙德", "出身国家": "未知", "种族": "人类", "性别": "男", "稀有度": "4星", "常驻/限定": "常驻", "神之眼": "火元素", "武器类型": "单手剑武器使用", "始基力": "", "命之座": "险路座", "特殊料理": "提瓦特焦蛋", "实装日期": "2020年09月15日（1.0版本）", "TAG": "治疗、加攻、伤害提升、元素附着、元素附魔、派遣、冷却减少", "介绍": "蒙德的冒险家少年，拥有与他的善良毫不相称的霉运。"}
{"称号": "寒风剑士", "全名/本名": "凯亚·亚尔伯里奇（Kaeya Alberich）", "所在国家": "蒙德", "出身国家": "坎瑞亚", "种族": "人类", "性别": "男", "稀有度": "4星", "常驻/限定": "常驻", "神之眼": "冰元素", "武器类型": "单手剑武器使用", "始基力": "", "命之座": "孔雀羽座", "特殊料理": "果香串烤", "实装日期": "2020年09月15日（1.0版本）", "TAG": "护盾、能量回复、冲刺消耗减少、自身治疗、技能延长、能量恢复、自身伤害提升", "介绍": "异国面容的剑斗士，西风骑士团的头脑派人物。"}
{"称号": "未授勋之花", "全名/本名": "诺艾尔（Noelle）", "所在国家": "蒙德", "出身国家": "", "种族": "人类", "性别": "女", "稀有度": "4星", "常驻/限定": "常驻", "神之眼": "岩元素", "武器类型": "双手剑武器使用", "始基力": "", "命之座": "心护座", "特殊料理": "厚云朵松饼", "实装日期": "2020年09月15日（1.0版本）", "TAG": "治疗、护盾、烹饪、特殊元素附魔、技能延长、自身伤害提升、自身体力消耗降低", "介绍": "「西风骑士团」的可靠女仆，梦想有天能成为正式的骑士。"}
{"称号": "无害甜度", "全名/本名": "砂糖（Sucrose）", "所在国家": "蒙德", "出身国家": "", "种族": "兽人", "性别": "女", "稀有度": "4星", "常驻/限定": "常驻", "神之眼": "风元素", "武器类型": "法器武器使用", "始基力": "", "命之座": "烧瓶座", "特殊料理": "伍玖叁式营养餐", "实装日期": "2020年09月15日（1.0版本）", "TAG": "聚怪、控制、伤害提升、精通加成、炼金返还、技能延长、冷却减少、元素转化", "介绍": "对万物充满好奇的炼金术士，「生物炼金」学派的研究者。"}
{"称号": "蔷薇魔女", "全名/本名": "丽莎·敏兹（Lisa Minci）", "所在国家": "蒙德", "出身国家": "", "种族": "人类", "性别": "女", "稀有度": "4星", "常驻/限定": "常驻", "神之眼": "雷元素", "武器类型": "法器武器使用", "始基力": "", "命之座": "沙漏座", "特殊料理": "魔法肉酱面", "实装日期": "2020年09月15日（1.0版本）", "TAG": "减防、炼金返还、自身抗打断、能量恢复", "介绍": "慵懒而博学的图书管理员，须弥教令院「两百年一见」的天才毕业生。"}
{"称号": "断罪皇女！！", "全名/本名": "菲谢尔·冯·露弗施洛斯·那菲多特/艾咪（Fischl von Luftschloss Narfidort/Amy）", "所在国家": "蒙德", "出身国家": "", "种族": "人类", "性别": "女", "稀有度": "4星", "常驻/限定": "常驻", "神之眼": "雷元素", "武器类型": "弓武器使用", "始基力": "", "命之座": "幻鸦座", "特殊料理": "祝圣交响乐", "实装日期": "2020年09月15日（1.0版本）", "TAG": "自身治疗、派遣、协同攻击、技能延长", "介绍": "自称「断罪之皇女」，与名为奥兹的漆黑夜鸦同行的神秘少女"}
{"称号": "掩月天权", "全名/本名": "凝光（Ningguang）", "所在国家": "璃月", "出身国家": "", "种族": "人类", "性别": "女", "稀有度": "4星", "常驻/限定": "常驻", "神之眼": "岩元素", "武器类型": "法器武器使用", "始基力": "", "命之座": "玑衡仪座", "特殊料理": "乾坤摩拉肉", "实装日期": "2020年09月15日（1.0版本）", "TAG": "抗性提升、伤害提升、矿物探查、岩造物", "介绍": "「璃月七星」中的「天权」，其名下财富之多，全大陆鲜有人能望其项背。"}
{"称号": "飞行冠军", "全名/本名": "安柏（Amber）", "所在国家": "蒙德", "出身国家": "", "种族": "人类", "性别": "女", "稀有度": "4星", "常驻/限定": "常驻", "神之眼": "火元素", "武器类型": "弓武器使用", "始基力": "", "命之座": "小兔座", "特殊料理": "侦察骑士烤肉！", "实装日期": "2020年09月15日（1.0版本）", "TAG": "嘲讽、加攻、移速提升、伤害提升、滑翔消耗减少、自身伤害提升", "介绍": "永远充满活力的女孩，骑士团最优秀，同时也是最后的侦察骑士"}
{"称号": "狼少年", "全名/本名": "雷泽（Razor）", "所在国家": "蒙德", "出身国家": "", "种族": "人类", "性别": "男", "稀有度": "4星", "常驻/限定": "常驻", "神之眼": "雷元素", "武器类型": "双手剑武器使用", "始基力": "", "命之座": "小狼座", "特殊料理": "爪爪土豆饼", "实装日期": "2020年09月15日（1.0版本）", "TAG": "减防、冲刺消耗减少、冷却减少、能量恢复、感电免疫、自身抗打断、自身元素附着、自身伤害提升、自身抗性提高、自身攻速提升、自身暴击率提升、自身元素充能效率提升", "介绍": "住在蒙德地区奔狼领，远离城市与人群，和狼一同生活的少年。直觉锐利，身姿迅捷。"}
{"称号": "少年春衫薄", "全名/本名": "行秋（Xingqiu）", "所在国家": "璃月", "出身国家": "", "种族": "人类", "性别": "男", "稀有度": "4星", "常驻/限定": "常驻", "神之眼": "水元素", "武器类型": "单手剑武器使用", "始基力": "", "命之座": "锦织座", "特殊料理": "江湖百味", "实装日期": "2020年09月15日（1.0版本）", "TAG": "治疗、减抗、抗打断、伤害减免、炼金返还、协同攻击、自身伤害提升、技能延长、能量恢复", "介绍": "经常能在书摊看到的少年人。手执长剑，胸中常怀侠义之心。"}
{"称号": "万民百味", "全名/本名": "卯香菱（Mao Xiangling）", "所在国家": "璃月", "出身国家": "", "种族": "人类", "性别": "女", "稀有度": "4星", "常驻/限定": "常驻", "神之眼": "火元素", "武器类型": "长柄武器武器使用", "始基力": "", "命之座": "长杓座", "特殊料理": "万民堂水煮鱼", "实装日期": "2020年09月15日（1.0版本）", "TAG": "加攻、减抗、伤害提升、烹饪、技能延长", "介绍": "来自璃月，名声在外的少女厨师，对料理之道极具热情，拿手麻辣菜肴堪称一绝。"}
{"称号": "雪融有踪", "全名/本名": "重云（Chongyun）", "所在国家": "璃月", "出身国家": "", "种族": "人类", "性别": "男", "稀有度": "4星", "常驻/限定": "常驻", "神之眼": "冰元素", "武器类型": "双手剑武器使用", "始基力": "", "命之座": "乾坤锋座", "特殊料理": "山珍凉卤面", "实装日期": "2020年09月15日（1.0版本）", "TAG": "减抗、元素附魔、冷却缩减、攻速提升、派遣、自身伤害提升", "介绍": "驱邪世家的年轻方士，为压制自身的「纯阳之体」费尽心机。"}
{"称号": "无冕的龙王", "全名/本名": "北斗（Beidou）", "所在国家": "璃月", "出身国家": "", "种族": "人类", "性别": "女", "稀有度": "4星", "常驻/限定": "常驻", "神之眼": "雷元素", "武器类型": "双手剑武器使用", "始基力": "", "命之座": "南天海山座", "特殊料理": "炝炒肉片", "实装日期": "2020年09月15日（1.0版本）", "TAG": "护盾、减抗、抗打断、伤害减免、游泳消耗减少、协同攻击、弹反、自身伤害提升、自身攻速提升", "介绍": "武装船队「南十字」的首领，豪快的大姐头。"}
{"称号": "闪耀偶像", "全名/本名": "芭芭拉·佩奇（Barbara Pegg）", "所在国家": "蒙德", "出身国家": "", "种族": "人类", "性别": "女", "稀有度": "4星", "常驻/限定": "常驻", "神之眼": "水元素", "武器类型": "法器武器使用", "始基力": "", "命之座": "金杯座", "特殊料理": "辣味时蔬烩肉", "实装日期": "2020年09月15日（1.0版本）", "TAG": "治疗、复活、伤害提升、元素附着、体力消耗降低、烹饪、技能延长、冷却减少", "介绍": "蒙德城的大家都喜欢芭芭拉。「偶像」这个词是她从一本杂志里看到的。"}
{"称号": "星天水镜", "全名/本名": "阿斯托洛吉斯·莫娜·梅姬斯图斯（Astrologist Mona Megistus）", "所在国家": "蒙德", "出身国家": "", "种族": "人类", "性别": "女", "稀有度": "5星", "常驻/限定": "常驻", "神之眼": "水元素", "武器类型": "法器武器使用", "始基力": "", "命之座": "映天座", "特殊料理": "至高的智慧（生活）", "实装日期": "2020年09月15日（1.0版本）", "TAG": "控制、嘲讽、伤害提升、暴击率提升、炼金返还、快速移动、自身伤害提升", "介绍": "神秘的少女占星术士，声称自己是「伟大的占星术士莫娜」，拥有与名号相符的不俗实力，博学而高傲。"}
{"称号": "旅行者", "全名/本名": "空/荧（Aether/Lumine）", "所在国家": "其它", "出身国家": "", "种族": "", "性别": "男/女", "稀有度": "5星", "常驻/限定": "常驻", "元素属性": "风元素", "武器类型": "单手剑武器使用", "始基力": "", "命之座": "旅人座", "特殊料理": "", "实装日期": "2020年09月15日（1.0版本）", "TAG": "元素转化、控制、减抗、自身治疗、聚怪、自身元素充能效率提升", "介绍": "从世界之外漂流而来的旅行者，被神带走血亲，自此踏上寻找七神之路。"}
{"称号": "蒲公英骑士", "全名/本名": "琴·古恩希尔德（Jean Gunnhildr）", "所在国家": "蒙德", "出身国家": "", "种族": "人类", "性别": "女", "稀有度": "5星", "常驻/限定": "常驻", "神之眼": "风元素", "武器类型": "单手剑武器使用", "始基力": "", "命之座": "幼狮座", "特殊料理": "提神醒脑披萨", "实装日期": "2020年09月15日（1.0版本）", "TAG": "治疗、控制、聚怪、减抗、攻速提升、移速提升、伤害减免、元素附着、烹饪、能量恢复", "介绍": "正直严谨的蒲公英骑士，蒙德西风骑士团的代理团长。"}
{"称号": "冻冻回魂夜", "全名/本名": "七七（Qiqi）", "所在国家": "璃月", "出身国家": "", "种族": "僵尸", "性别": "女", "稀有度": "5星", "常驻/限定": "常驻", "神之眼": "冰元素", "武器类型": "单手剑武器使用", "始基力": "", "命之座": "三清铃座", "特殊料理": "没有未来菜", "实装日期": "2020年09月15日（1.0版本）", "TAG": "治疗、复活、减攻、特产探索、能量恢复、自身伤害提升", "介绍": "药庐“不卜庐”的采药姑娘兼学徒，面色苍白如纸的不死之人。话很少，也没有什么表情。曾因“仙缘”而拥有了被凡间称作僵尸的不死之身，外表永远停留在了逝去那年，年龄不可考。"}
{"称号": "晨曦的暗面", "全名/本名": "迪卢克·莱艮芬德（Diluc Ragnvindr）", "所在国家": "蒙德", "出身国家": "", "种族": "人类", "性别": "男", "稀有度": "5星", "常驻/限定": "常驻", "神之眼": "火元素", "武器类型": "双手剑武器使用", "始基力": "", "命之座": "夜枭座", "特殊料理": "「蒙德往事」", "实装日期": "2020年09月15日（1.0版本）", "TAG": "锻造返还、自身附魔、自身伤害提升、自身攻速提升、自身体力消耗降低", "介绍": "坐拥蒙德大半酒业的贵公子，财力、人望、能力都令人无法小觑。"}
{"称号": "旅行者", "全名/本名": "空/荧（Aether/Lumine）", "所在国家": "其它", "出身国家": "", "种族": "", "性别": "男/女", "稀有度": "5星", "常驻/限定": "常驻", "元素属性": "无元素", "武器类型": "单手剑武器使用", "始基力": "", "命之座": "旅人座", "特殊料理": "", "实装日期": "2020年09月15日（1.0版本）", "TAG": "无", "介绍": "从世界之外漂流而来的旅行者，被神带走血亲，自此踏上寻找七神之路。"}
{"称号": "霆霓快雨", "全名/本名": "刻晴（Keqing）", "所在国家": "璃月", "出身国家": "", "种族": "人类", "性别": "女", "稀有度": "5星", "常驻/限定": "常驻", "神之眼": "雷元素", "武器类型": "单手剑武器使用", "始基力": "", "命之座": "金紫定垂座", "特殊料理": "绝境求生烤鱼", "实装日期": "2020年09月15日（1.0版本）", "TAG": "位移、能量回复、派遣、自身附魔、自身伤害提升、自身暴击率提升", "介绍": "璃月七星之一，玉衡星。对「帝君一言而决的璃月」颇有微词——但实际上，神挺欣赏她这样的人。"}
{"称号": "旅行者", "全名/本名": "空/荧（Aether/Lumine）", "所在国家": "其它", "出身国家": "", "种族": "", "性别": "男/女", "稀有度": "5星", "常驻/限定": "常驻", "元素属性": "岩元素", "武器类型": "单手剑武器使用", "始基力": "", "命之座": "旅人座", "特殊料理": "", "实装日期": "2020年09月15日（1.0版本）", "TAG": "属性变换、岩造物、暴击率提升、能量恢复、技能延长、冷却减少、抗打断", "介绍": "从世界之外漂流而来的旅行者，被神带走血亲，自此踏上寻找七神之路。"}
{"称号": "高天的歌者", "全名/本名": "巴巴托斯（Barbatos）", "所在国家": "蒙德", "出身国家": "", "种族": "魔神（元素精灵）", "性别": "男", "稀有度": "5星", "常驻/限定": "限定UP", "神之心": "风元素", "武器类型": "弓武器使用", "始基力": "", "命之座": "歌仙座", "特殊料理": "真·风神杂烩菜", "实装日期": "2020年09月28日（1.0版本）", "TAG": "控制、聚怪、减抗、能量回复、滑翔消耗减少、自身伤害提升、能量恢复、元素转化", "介绍": "蒙德城诸多吟游诗人中的一位，自由自在地穿行在街头巷尾。"}
{"称号": "逃跑的太阳", "全名/本名": "可莉（Klee）", "所在国家": "蒙德", "出身国家": "", "种族": "长生种（具体未知）", "性别": "女", "稀有度": "5星", "常驻/限定": "限定UP", "神之眼": "火元素", "武器类型": "法器武器使用", "始基力": "", "命之座": "四叶草座", "特殊料理": "鱼香吐司", "实装日期": "2020年10月20日（1.0版本）", "TAG": "减防、能量回复、伤害提升、特产探索、自身体力消耗降低", "介绍": "西风骑士团禁闭室的常客，蒙德的爆破大师。人称「逃跑的太阳」。"}
{"称号": "猫尾特调", "全名/本名": "迪奥娜·凯茨莱茵（Diona Kätzlein）", "所在国家": "蒙德", "出身国家": "", "种族": "兽人（凯茨莱茵家族）", "性别": "女", "稀有度": "4星", "常驻/限定": "常驻", "神之眼": "冰元素", "武器类型": "弓武器使用", "始基力": "", "命之座": "小猫座", "特殊料理": "绝对不是下酒菜", "实装日期": "2020年11月11日（1.1版本）", "TAG": "减攻、治疗、护盾、移速提升、元素附着、精通加成、体力消耗降低、烹饪、能量恢复、自身伤害提升", "介绍": "遗传了稀薄的「非人」血统的少女,「猫尾酒馆」的超人气调酒师。"}
{"称号": "「公子」达达利亚", "全名/本名": "阿贾克斯（Ajax）", "所在国家": "至冬  至冬", "出身国家": "", "种族": "人类", "性别": "男", "稀有度": "5星", "常驻/限定": "限定UP", "神之眼": "水元素", "武器类型": "弓武器使用", "始基力": "", "命之座": "鲸天座", "特殊料理": "极致一钓", "实装日期": "2020年11月11日（1.1版本）", "TAG": "天赋提升、能量恢复、武器幻化、冷却减少", "介绍": "愚人众执行官第十一位，「公子」，其战绩威名远扬。"}
{"称号": "燥热旋律", "全名/本名": "辛焱（Xinyan）", "所在国家": "璃月", "出身国家": "", "种族": "人类", "性别": "女", "稀有度": "4星", "常驻/限定": "常驻", "神之眼": "火元素", "武器类型": "双手剑武器使用", "始基力": "", "命之座": "红檀四弦座", "特殊料理": "摇·滚·鸡！", "实装日期": "2020年12月01日（1.1版本）", "TAG": "护盾、减抗、伤害提升、自身体力消耗降低、元素附着、烹饪", "介绍": "璃月港唯一的摇滚歌手，以音乐和热情歌颂着对「成见」的反抗。"}
{"称号": "尘世闲游", "全名/本名": "摩拉克斯（Morax）", "所在国家": "璃月", "出身国家": "", "种族": "魔神", "性别": "男", "稀有度": "5星", "常驻/限定": "限定UP", "神之心": "岩元素", "武器类型": "长柄武器武器使用", "始基力": "", "命之座": "岩王帝君座角色立绘2显示命之座为“？？？”；游戏内完成钟离传说任务「古闻之章」第一幕之前，命之座也为“？？？”", "特殊料理": "文火慢炖腌笃鲜", "实装日期": "2020年12月01日（1.1版本）", "TAG": "治疗、控制、减抗、护盾、护盾强效、锻造返还、自身伤害提升、自身抗打断、岩造物", "介绍": "被「往生堂」请来的神秘客卿，知识渊博，对各种事物都颇有见地。"}
{"称号": "真珠之智", "全名/本名": "珊瑚宫心海（Sangonomiya Kokomi）", "所在国家": "稻妻", "出身国家": "", "种族": "人类", "性别": "女", "稀有度": "5星", "常驻/限定": "限定UP", "神之眼": "水元素", "武器类型": "法器武器使用", "始基力": "", "命之座": "眠龙座", "特殊料理": "「奇策」", "实装日期": "2021年09月21日（2.1版本）", "TAG": "治疗、游泳消耗减少、能量恢复、自身伤害提升、自身抗打断、元素附着", "介绍": "海衹岛的「现人神巫女」，统管海祇岛各项事宜的少女。"}
{"称号": "渡来介者", "全名/本名": "托马（Thoma）", "所在国家": "稻妻", "出身国家": "蒙德", "种族": "人类", "性别": "男", "稀有度": "4星", "常驻/限定": "常驻", "神之眼": "火元素", "武器类型": "长柄武器武器使用", "始基力": "", "命之座": "赤楯座", "特殊料理": "「暖意」", "实装日期": "2021年11月02日（2.2版本）", "TAG": "护盾、伤害提升、钓鱼、协同攻击、技能延长、冷却减少、能量恢复", "介绍": "神里家的家政官，活跃在稻妻的「地头蛇」。"}
{"称号": "戎犬锵锵", "全名/本名": "五郎（Gorou）", "所在国家": "稻妻", "出身国家": "", "种族": "兽人", "性别": "男", "稀有度": "4星", "常驻/限定": "常驻", "神之眼": "岩元素", "武器类型": "弓武器使用", "始基力": "", "命之座": "柴犬座", "特殊料理": "常胜传说", "实装日期": "2021年12月14日（2.3版本）", "TAG": "治疗、加防、抗打断、暴击伤害提升、特产探索、技能延长、冷却减少、自身伤害提升、自身倍率附加", "介绍": "海祇岛军的大将，深受部下信赖。"}
{"称号": "花坂豪快", "全名/本名": "荒泷一斗（Arataki Itto）", "所在国家": "稻妻", "出身国家": "", "种族": "妖怪（鬼族）", "性别": "男", "稀有度": "5星", "常驻/限定": "限定UP", "神之眼": "岩元素", "武器类型": "双手剑武器使用", "始基力": "", "命之座": "天牛座", "特殊料理": "强者之道", "实装日期": "2021年12月14日（2.3版本）", "TAG": "嘲讽、加攻、加防、岩造物、伐木产出、武器幻化、能量恢复、抗性降低、冷却减少、自身倍率附加、自身暴击伤害提升、自身伤害提升、自身攻速提升", "介绍": "活跃在稻妻城花见坂的「荒泷派」初代目头领。什么，从没听说过荒泷派？你是想找茬吗？"}
{"称号": "红毹婵娟", "全名/本名": "云堇（Yun Jin）", "所在国家": "璃月", "出身国家": "", "种族": "人类", "性别": "女", "稀有度": "4星", "常驻/限定": "常驻", "神之眼": "岩元素", "武器类型": "长柄武器武器使用", "始基力": "", "命之座": "虹章座", "特殊料理": "云遮玉", "实装日期": "2022年01月05日（2.4版本）", "TAG": "攻速提升、倍率附加、伤害提升、烹饪、弹反、冷却减少、自保护盾", "介绍": "集剧作与演唱能力于一身的璃月戏曲名角。风格自成一派，雅致柔美，恰如其人。"}
{"称号": "孤辰茕怀", "全名/本名": "申鹤（Shenhe）", "所在国家": "璃月", "出身国家": "", "种族": "人类", "性别": "女", "稀有度": "5星", "常驻/限定": "限定UP", "神之眼": "冰元素", "武器类型": "长柄武器武器使用", "始基力": "", "命之座": "愁疏座", "特殊料理": "连心面", "实装日期": "2022年01月05日（2.4版本）", "TAG": "减抗、倍率附加、伤害提升、暴击伤害提升、派遣、技能延长、自身伤害提升", "介绍": "气质出尘的仙家子弟。隐修在璃月群山之间，个性也如仙人般淡漠疏离。"}
{"称号": "浮世笑百姿", "全名/本名": "八重神子（Yae Miko）", "所在国家": "稻妻", "出身国家": "", "种族": "妖怪（仙狐）", "性别": "女", "稀有度": "5星", "常驻/限定": "限定UP", "神之眼": "雷元素", "武器类型": "法器武器使用", "始基力": "", "命之座": "仙狐座", "特殊料理": "福内乌冬", "实装日期": "2022年02月16日（2.5版本）", "TAG": "伤害提升、炼金返还、能量恢复、无视防御", "介绍": "鸣神大社的宫司大人，兼任「八重堂」总编。艳丽动人的外表下藏着令人意想不到的聪慧与狡黠。"}
{"称号": "磐祭叶守", "全名/本名": "神里绫人（Kamisato Ayato）", "所在国家": "稻妻", "出身国家": "", "种族": "人类", "性别": "男", "稀有度": "5星", "常驻/限定": "限定UP", "神之眼": "水元素", "武器类型": "单手剑武器使用", "始基力": "", "命之座": "神守柏座", "特殊料理": "「静寂闲雅」", "实装日期": "2022年03月30日（2.6版本）", "TAG": "攻速提升、烹饪、武器幻化、能量恢复、自身伤害提升", "介绍": "社奉行神里家年轻有为的现任家主，为人温雅有礼，处事颇有手段。"}
{"称号": "兰生幽谷", "全名/本名": "夜兰（Yelan）", "所在国家": "璃月", "出身国家": "", "种族": "人类", "性别": "女", "稀有度": "5星", "常驻/限定": "限定UP", "神之眼": "水元素", "武器类型": "弓武器使用", "始基力": "", "命之座": "幽客座", "特殊料理": "沾露虾仁", "实装日期": "2022年05月31日（2.7版本）", "TAG": "生命值提升、伤害提升、派遣、快速移动、协同攻击", "介绍": "自称供职于总务司的神秘人士，却又是总务司名录里的「不存在之人」。"}
{"称号": "烦恼刈除", "全名/本名": "久岐忍（Kuki Shinobu）", "所在国家": "稻妻", "出身国家": "", "种族": "人类", "性别": "女", "稀有度": "4星", "常驻/限定": "常驻", "神之眼": "雷元素", "武器类型": "单手剑武器使用", "始基力": "", "命之座": "烦恼刈座", "特殊料理": "蛋包饭圆舞曲", "实装日期": "2022年06月21日（2.7版本）", "TAG": "治疗、派遣、生命损耗、技能延长、自身伤害提升", "介绍": "干练可靠的「荒泷派」的副手——特别注明：干练可靠形容的不是「荒泷派」而是副手。"}
{"称号": "心朝乂安", "全名/本名": "鹿野院平藏（Shikanoin Heizou）", "所在国家": "稻妻", "出身国家": "", "种族": "人类", "性别": "男", "稀有度": "4星", "常驻/限定": "常驻", "神之眼": "风元素", "武器类型": "法器武器使用", "始基力": "", "命之座": "幼鹿座", "特殊料理": "唯一的真相", "实装日期": "2022年07月13日（2.8版本）", "TAG": "聚怪、精通加成、冲刺消耗减少、能量恢复、自身暴击率提升、自身暴击伤害提升、自身攻速提升", "介绍": "天领奉行的天才少年侦探，直觉敏锐，心思玲珑。"}
{"称号": "萃念初蘖", "全名/本名": "柯莱（Collei）", "所在国家": "须弥", "出身国家": "", "种族": "人类", "性别": "女", "稀有度": "4星", "常驻/限定": "常驻", "神之眼": "草元素", "武器类型": "弓武器使用", "始基力": "", "命之座": "薮猫座", "特殊料理": "憧憬", "实装日期": "2022年08月24日（3.0版本）", "TAG": "精通加成、滑翔消耗减少、技能延长", "介绍": "活跃于道成林的见习巡林员，热情的言行背后是一颗依旧稍显内向的心。"}
{"称号": "旅行者", "全名/本名": "空/荧（Aether/Lumine）", "所在国家": "其它", "出身国家": "", "种族": "", "性别": "男/女", "稀有度": "5星", "常驻/限定": "常驻", "元素属性": "草元素", "武器类型": "单手剑武器使用", "始基力": "", "命之座": "旅人座", "特殊料理": "", "实装日期": "2022年08月24日（3.0版本）", "TAG": "属性变换、能量恢复、技能延长、精通加成、伤害提升", "介绍": "从世界之外漂流而来的旅行者，被神带走血亲，自此踏上寻找七神之路。"}
{"称号": "浅蔚轻行", "全名/本名": "提纳里（Tighnari）", "所在国家": "须弥", "出身国家": "", "种族": "兽人（巴螺迦修那的后裔）", "性别": "男", "稀有度": "5星", "常驻/限定": "常驻", "神之眼": "草元素", "武器类型": "弓武器使用", "始基力": "", "命之座": "郭狐座", "特殊料理": "巡林官精选", "实装日期": "2022年08月24日（3.0版本）", "TAG": "嘲讽、精通加成、特产探索、自身伤害提升、自身暴击率提升", "介绍": "精通植物学的少年学者，现于道成林任巡林官一职。直率热忱，擅长教导脑瓜糊涂的人。"}
{"称号": "梦园藏金", "全名/本名": "多莉·桑歌玛哈巴依（Dori·Sangemah Bay）", "所在国家": "须弥", "出身国家": "", "种族": "人类", "性别": "女", "稀有度": "4星", "常驻/限定": "常驻", "神之眼": "雷元素", "武器类型": "双手剑武器使用", "始基力": "", "命之座": "神灯座", "特殊料理": "摩拉急速来", "实装日期": "2022年09月09日（3.0版本）", "TAG": "治疗、能量回复、元素附着、炼金返还、自身附魔、元素充能效率提升、冷却减少、能量恢复、受治疗加成提升", "介绍": "神出鬼没的旅行百货商人，最喜欢亮闪闪的摩拉。"}
{"称号": "浮金的誓愿", "全名/本名": "坎蒂丝（Candace）", "所在国家": "须弥", "出身国家": "", "种族": "人类", "性别": "女", "稀有度": "4星", "常驻/限定": "常驻", "神之眼": "水元素", "武器类型": "长柄武器武器使用", "始基力": "", "命之座": "箭盾座", "特殊料理": "关怀备至", "实装日期": "2022年09月28日（3.1版本）", "TAG": "护盾、弹反、元素附魔、伤害提升、攀爬消耗减少、协同攻击", "介绍": "有着琥珀色左眼的赤王后裔，阿如村的守护者。"}
{"称号": "缄秘的裁遣", "全名/本名": "赛诺（Cyno）", "所在国家": "须弥", "出身国家": "", "种族": "人类", "性别": "男", "稀有度": "5星", "常驻/限定": "限定UP", "神之眼": "雷元素", "武器类型": "长柄武器武器使用", "始基力": "", "命之座": "金狼座", "特殊料理": "决斗之魂", "实装日期": "2022年09月28日（3.1版本）", "TAG": "能量回复、派遣、武器幻化、感电免疫、自身抗打断、自身伤害提升、自身元素精通提高、元素充能效率提升", "介绍": "教令院内负责监管学者们的「大风纪官」。工作时比刹诃伐罗学院制作的「大风机关」更有效率。"}
{"称号": "莲光落舞筵", "全名/本名": "妮露（Nilou）", "所在国家": "须弥", "出身国家": "", "种族": "人类", "性别": "女", "稀有度": "5星", "常驻/限定": "限定UP", "神之眼": "水元素", "武器类型": "单手剑武器使用", "始基力": "", "命之座": "睡莲座", "特殊料理": "婆娑一舞", "实装日期": "2022年10月14日（3.1版本）", "TAG": "减抗、伤害提升、精通加成、烹饪、技能延长、能量恢复、特化反应、自身暴击率提升、自身暴击伤害提升", "介绍": "祖拜尔剧场的知名舞者，舞姿灵动优美，为人纯真亲善。"}
{"称号": "白草净华", "全名/本名": "布耶尔（Buer）", "所在国家": "须弥", "出身国家": "", "种族": "草木化身（世界树最纯净的一枝）", "性别": "女", "稀有度": "5星", "常驻/限定": "限定UP", "神之心": "草元素", "武器类型": "法器武器使用", "始基力": "", "命之座": "智慧主座", "特殊料理": "哈瓦玛玛兹", "实装日期": "2022年11月02日（3.2版本）", "TAG": "减防、精通加成、生物交互、自身伤害提升、自身暴击率提升、技能延长、特化反应", "介绍": "深居净善宫的笼中之鸟，只能在梦中将世界尽收眼底。"}
{"称号": "绮思晚星", "全名/本名": "莱依拉（Layla）", "所在国家": "须弥", "出身国家": "", "种族": "人类", "性别": "女", "稀有度": "4星", "常驻/限定": "常驻", "神之眼": "冰元素", "武器类型": "单手剑武器使用", "始基力": "", "命之座": "夜莺座", "特殊料理": "安眠奢想", "实装日期": "2022年11月18日（3.2版本）", "TAG": "护盾、倍率附加、炼金返还、能量恢复、自身伤害提升、自身倍率附加", "介绍": "专攻理论星相学的梨多梵谛学院学生。时常梦游，长期缺觉，饱受睡眠问题困扰。"}
{"称号": "机逐封秘", "全名/本名": "珐露珊（Faruzan）", "所在国家": "须弥", "出身国家": "", "种族": "人类", "性别": "女", "稀有度": "4星", "常驻/限定": "常驻", "神之眼": "风元素", "武器类型": "弓武器使用", "始基力": "", "命之座": "蔓藤花饰座", "特殊料理": "古法秘制椰炭饼", "实装日期": "2022年12月07日（3.3版本）", "TAG": "聚怪、减抗、伤害提升、倍率附加、派遣、协同攻击、技能延长、能量恢复、暴击伤害提升", "介绍": "来自「一百年前」的学者，喜欢以前辈自居，对各类古老文字与古典机关都颇有研究。"}
{"称号": "久世浮倾", "全名/本名": "国崩（Kunikuzushi；后由玩家自行取名）", "所在国家": "须弥", "出身国家": "稻妻", "种族": "人偶", "性别": "男", "稀有度": "5星", "常驻/限定": "限定UP", "神之眼": "风元素", "武器类型": "法器武器使用", "始基力": "", "命之座": "浪客座", "特殊料理": "真味茶泡饭", "实装日期": "2022年12月07日（3.3版本）", "TAG": "突破返还、快速移动、特殊模组、能量恢复、自身伤害提升、自身倍率提升、自身攻速提升、自身暴击率提升", "介绍": "身份成谜的流浪人士。衣着打扮像是修验者，言行却并不是修验者应有的模样。"}
{"称号": "仙蕊玲珑", "全名/本名": "瑶瑶（Yaoyao）", "所在国家": "璃月", "出身国家": "", "种族": "人类", "性别": "女", "稀有度": "4星", "常驻/限定": "常驻", "神之眼": "草元素", "武器类型": "长柄武器武器使用", "始基力": "", "命之座": "木樨座", "特殊料理": "轻策家常菜", "实装日期": "2023年01月18日（3.4版本）", "TAG": "治疗、伤害提升、体力回复、生物亲和、能量恢复、自身抗性提高、自身元素精通提高", "介绍": "歌尘浪市真君膝下最年幼的弟子，温柔体贴的「小大人」。"}
{"称号": "诲韬诤言", "全名/本名": "艾尔海森（Alhaitham）", "所在国家": "须弥", "出身国家": "", "种族": "人类", "性别": "男", "稀有度": "5星", "常驻/限定": "限定UP", "神之眼": "草元素", "武器类型": "单手剑武器使用", "始基力": "", "命之座": "天隼座", "特殊料理": "「理想情况」", "实装日期": "2023年01月18日（3.4版本）", "TAG": "炼金返还、特殊元素附魔、冷却减少、自身伤害提升、自身元素精通提高、自身暴击率提升、自身暴击伤害提升、位移、精通加成", "介绍": "须弥教令院现任书记官，有过人的智慧与才能。生活得自由自在，一般人基本找不到他。"}
{"称号": "炽鬃之狮", "全名/本名": "迪希雅（Dehya）", "所在国家": "须弥", "出身国家": "", "种族": "人类", "性别": "女", "稀有度": "5星", "常驻/限定": "常驻", "神之眼": "火元素", "武器类型": "双手剑武器使用", "始基力": "", "命之座": "蝎尾鬃狮座", "特殊料理": "炽金之锅", "实装日期": "2023年03月01日（3.5版本）", "TAG": "抗打断、独立减伤、伤害分摊、移速提升、移速提升（天赋）、协同攻击、能量恢复、自身治疗、自身倍率附加、自身暴击率提升、自身暴击伤害提升", "介绍": "横行须弥沙漠地佣兵组织「镀金旅团」的成员，勇敢而又强大的战士，在「镀金旅团」内部声名赫赫。"}
{"称号": "晴霜的标绘", "全名/本名": "米卡·施密特（Mika Schmidt）", "所在国家": "蒙德", "出身国家": "", "种族": "人类", "性别": "男", "稀有度": "4星", "常驻/限定": "常驻", "神之眼": "冰元素", "武器类型": "长柄武器武器使用", "始基力": "", "命之座": "林鸽座", "特殊料理": "测绘员蛋堡", "实装日期": "2023年03月21日（3.5版本）", "TAG": "治疗、伤害提升、攻速提升、暴击伤害提升、特产探索、能量恢复", "介绍": "平凡家庭出身的年轻骑士，在小队中担任「前进测绘员」一职。为人低调，谨小慎微。"}
{"称号": "天穹之镜", "全名/本名": "卡维（Kaveh）", "所在国家": "须弥", "出身国家": "", "种族": "人类", "性别": "男", "稀有度": "4星", "常驻/限定": "常驻", "神之眼": "草元素", "武器类型": "双手剑武器使用", "始基力": "", "命之座": "天堂鸟座", "特殊料理": "悉心一作", "实装日期": "2023年05月02日（3.6版本）", "TAG": "摆设返还、特化反应、特殊元素附魔、自身治疗、自身抗打断、自身抗性提高、自身攻速提升、自身元素精通提高", "介绍": "须弥著名建筑设计师，对太多事物抱有过度关怀心。美学主义者，为现实所困扰。"}
{"称号": "遵生合和", "全名/本名": "白术（Baizhu）", "所在国家": "璃月", "出身国家": "", "种族": "人类", "性别": "男", "稀有度": "5星", "常驻/限定": "限定UP", "神之眼": "草元素", "武器类型": "法器武器使用", "始基力": "", "命之座": "悬壶座", "特殊料理": "清热降火汤", "实装日期": "2023年05月02日（3.6版本）", "TAG": "治疗、护盾、伤害提升、精通加成、生物交互、协同攻击", "介绍": "药庐「不卜庐」的主人，随身悬着名为「长生」的白蛇。精于药石，深于城府。"}
{"称号": "檐宇猫游", "全名/本名": "绮良良（Kirara）", "所在国家": "稻妻", "出身国家": "", "种族": "妖怪（猫又）", "性别": "女", "稀有度": "4星", "常驻/限定": "常驻", "神之眼": "草元素", "武器类型": "单手剑武器使用", "始基力": "", "命之座": "箱筥座", "特殊料理": "朝气盒饭", "实装日期": "2023年05月24日（3.7版本）", "TAG": "伤害提升、护盾、生物亲和、快速移动、协同攻击、自身伤害提升", "介绍": "稻妻快递公司「狛荷屋」的送货员，一只热爱自己工作、向往人类社会的「猫又」。"}
{"称号": "丽影绮行", "全名/本名": "琳妮特·雪奈茨芙娜（Lynette Snezhevna）", "所在国家": "枫丹", "出身国家": "", "种族": "兽人", "性别": "女", "稀有度": "4星", "常驻/限定": "常驻", "神之眼": "风元素", "武器类型": "单手剑武器使用", "始基力": "荒性", "命之座": "白尾猫座", "特殊料理": "午后闲茶", "实装日期": "2023年08月16日（4.0版本）", "TAG": "嘲讽、聚怪、加攻、水下探索便利、快速移动、生命损耗、自身治疗、自身附魔、自身伤害提升、元素转化", "介绍": "寡言少语，罕有表情的魔术助手，性情像猫一样难以猜测。"}
{"称号": "旅行者", "全名/本名": "空/荧（Aether/Lumine）", "所在国家": "其它", "出身国家": "", "种族": "", "性别": "男/女", "稀有度": "5星", "常驻/限定": "常驻", "元素属性": "水元素", "武器类型": "单手剑武器使用", "始基力": "芒性", "命之座": "旅人座", "特殊料理": "", "实装日期": "2023年08月16日（4.0版本）", "TAG": "生命损耗、自身治疗、自身伤害提升、能量恢复、护盾、治疗、源水之滴", "介绍": "从世界之外漂流而来的旅行者，被神带走血亲，自此踏上寻找七神之路。"}
{"称号": "惑光幻戏", "全名/本名": "林尼·雪奈茨维奇（Lyney Snezhevich）", "所在国家": "枫丹", "出身国家": "", "种族": "人类", "性别": "男", "稀有度": "5星", "常驻/限定": "限定UP", "神之眼": "火元素", "武器类型": "弓武器使用", "始基力": "芒性", "命之座": "黑斑猫座", "特殊料理": "方块戏法", "实装日期": "2023年08月16日（4.0版本）", "TAG": "嘲讽、特产探索、快速移动、生命损耗、能量恢复、自身治疗、自身伤害提升、自身暴击伤害提升、减抗", "介绍": "伶牙俐齿，演技精湛的著名枫丹魔术师，以精妙的手法和言语牵动着观众的心。"}
{"称号": "潜怀遐梦", "全名/本名": "菲米尼·雪奈茨维奇（Freminet Snezhevich）", "所在国家": "枫丹", "出身国家": "", "种族": "人类", "性别": "男", "稀有度": "4星", "常驻/限定": "常驻", "神之眼": "冰元素", "武器类型": "双手剑武器使用", "始基力": "芒性", "命之座": "机巧座", "特殊料理": "「海鸟的驻足」", "实装日期": "2023年09月05日（4.0版本）", "TAG": "水下探索便利、冷却减少、能量恢复、自身抗打断、自身伤害提升、自身暴击率提升、自身暴击伤害提升", "介绍": "精于潜水的寡言少年，在如寒冰般拒人千里的外表下，藏有一颗无瑕的纯真之心。"}
{"称号": "谕告的潮音", "全名/本名": "那维莱特（Neuvillette）", "所在国家": "枫丹", "出身国家": "", "种族": "元素生物（水龙王）", "性别": "男", "稀有度": "5星", "常驻/限定": "限定UP", "古龙大权": "水元素", "武器类型": "法器武器使用", "始基力": "芒性", "命之座": "原海巨灵座", "特殊料理": "「缥雨一滴」", "实装日期": "2023年09月27日（4.1版本）", "TAG": "水下探索便利、生命损耗、自身治疗、自身抗打断、自身倍率加成、自身伤害提升、自身暴击伤害提升、源水之滴", "介绍": "枫丹的最高审判官，因其无懈可击的「秉公无私」而闻名。"}
{"称号": "寂罪的密使", "全名/本名": "莱欧斯利（Wriothesley）", "所在国家": "枫丹", "出身国家": "", "种族": "人类", "性别": "男", "稀有度": "5星", "常驻/限定": "限定UP", "神之眼": "冰元素", "武器类型": "法器武器使用", "始基力": "荒性", "命之座": "守狱犬座", "特殊料理": "秘烤肋排", "实装日期": "2023年10月17日（4.1版本）", "TAG": "攻速提升、炼金返还、生命损耗、自身治疗、自身抗打断、自身伤害提升、自身暴击率提升、自身暴击伤害提升、自身体力消耗降低", "介绍": "梅洛彼得堡的公爵，隐于漆黑海底的领主。"}
{"称号": "朗镜索真", "全名/本名": "夏洛蒂（Charlotte）", "所在国家": "枫丹", "出身国家": "", "种族": "人类", "性别": "女", "稀有度": "4星", "常驻/限定": "常驻", "神之眼": "冰元素", "武器类型": "法器武器使用", "始基力": "芒性", "命之座": "真视镜座", "特殊料理": "独家秘闻·美食专栏", "实装日期": "2023年11月08日（4.2版本）", "TAG": "治疗、独家摄影、协同攻击、冷却减少、能量恢复、自身伤害提升", "介绍": "充满活力的蒸汽鸟报记者，每时每刻都在为「真相」而奔走。"}
{"称号": "不休独舞", "全名/本名": "芙宁娜·德·枫丹（Furina de Fontaine）", "所在国家": "枫丹", "出身国家": "", "种族": "人类", "性别": "女", "稀有度": "5星", "常驻/限定": "限定UP", "神之眼": "水元素", "武器类型": "单手剑武器使用", "始基力": "荒性、芒性", "命之座": "司颂座", "特殊料理": "「普茹斯蒂司」", "实装日期": "2023年11月08日（4.2版本）", "TAG": "治疗、伤害提升、受治疗加成提升、水下探索便利、生命损耗、能量恢复、自身倍率附加、自身伤害提升、特殊元素附魔", "介绍": "审判舞台上的绝对焦点，直至谢幕的掌声响起。"}
{"称号": "明花蔓舵", "全名/本名": "娜维娅·卡萨帕（Navia Caspar）", "所在国家": "枫丹", "出身国家": "", "种族": "人类", "性别": "女", "稀有度": "5星", "常驻/限定": "限定UP", "神之眼": "岩元素", "武器类型": "双手剑武器使用", "始基力": "荒性", "命之座": "野蔷薇座", "特殊料理": "「选你喜欢的！」", "实装日期": "2023年12月20日（4.3版本）", "TAG": "减抗、派遣、冷却减少、特殊元素附魔、能量恢复、自身伤害提升、自身暴击率提升、自身暴击伤害提升", "介绍": "刺玫会现任会长，一位可爱、尽责的好老板。"}
{"称号": "明律决罚", "全名/本名": "夏沃蕾（Chevreuse）", "所在国家": "枫丹", "出身国家": "", "种族": "人类", "性别": "女", "稀有度": "4星", "常驻/限定": "常驻", "神之眼": "火元素", "武器类型": "长柄武器武器使用", "始基力": "荒性", "命之座": "剑铳座", "特殊料理": "罪恶·非必要处理型", "实装日期": "2024年01月09日（4.3版本）", "TAG": "加攻、减抗、治疗、伤害提升、能量回复、冲刺消耗减少、冷却减少", "介绍": "时刻恪守着心中「正义」的特巡队队长，手中的铳枪只会指向负罪之人。"}
{"称号": "骏猊頕首", "全名/本名": "叶嘉明（Yip Gaming）", "所在国家": "璃月", "出身国家": "", "种族": "人类", "性别": "男", "稀有度": "4星", "常驻/限定": "常驻", "神之眼": "火元素", "武器类型": "双手剑武器使用", "始基力": "", "命之座": "醒狮座", "特殊料理": "得闲饮茶", "实装日期": "2024年01月31日（4.4版本）", "TAG": "下落攻击、移速提升、移速提升（天赋）、生命损耗、特殊元素附魔、自我治疗、自身抗打断、自身元素附着、自身伤害提升、自身受治疗加成", "介绍": "剑匣镖局的镖师，威水舞兽队的话事人。"}
{"称号": "鸾音鹤信", "全名/本名": "留云借风真君（Xianyun/Cloud Retainer）", "所在国家": "璃月", "出身国家": "", "种族": "元素生命（仙人）", "性别": "女", "稀有度": "5星", "常驻/限定": "限定UP", "神之眼": "风元素", "武器类型": "法器武器使用", "始基力": "", "命之座": "闲鹤座", "特殊料理": "四喜圆满", "实装日期": "2024年01月31日（4.4版本）", "TAG": "下落攻击、治疗、倍率附加、跳跃提升、暴击率提升、滑翔移速提升、下落免疫、冷却减少、自身暴击伤害提升", "介绍": "绝云仙众「三眼五显仙人」之一，雅号「留云借风真君」。擅使机关奇术，心向红尘烟火，正以「闲云」之名行走人间。"}
{"称号": "孤暝厄月", "全名/本名": "佩露薇利·雪奈茨芙娜（Peruere Snezhevna）", "所在国家": "至冬  至冬", "出身国家": "坎瑞亚赤月后裔（枫丹长大）", "种族": "", "性别": "女", "稀有度": "5星", "常驻/限定": "限定UP", "神之眼": "火元素", "武器类型": "长柄武器武器使用", "始基力": "", "命之座": "净炼火座", "特殊料理": "炉火的往迹", "实装日期": "2024年04月24日（4.6版本）", "TAG": "冷却减少、特殊元素附魔、自身治疗、自身抗性提高、自身伤害提升、快速移动、自身暴击率提升、自身暴击伤害提升、生命之契", "介绍": "愚人众执行官第四席，「仆人」。沉静冷酷的外交官，「壁炉之家」所有孩子们畏惧又依赖的「父亲」。"}
{"称号": "龙女妙变", "全名/本名": "希格雯（Sigewinne）", "所在国家": "枫丹", "出身国家": "", "种族": "美露莘", "性别": "女", "稀有度": "5星", "常驻/限定": "限定UP", "神之眼": "水元素", "武器类型": "弓武器使用", "始基力": "荒性", "命之座": "海精座", "特殊料理": "膳食均衡餐", "实装日期": "2024年06月25日（4.7版本）", "TAG": "治疗、减抗、倍率附加、水下探索便利、生命之契、源水之滴、能量恢复、技能延长、自保护盾、自身暴击率提升、自身暴击伤害提升", "介绍": "梅洛彼得堡的美露莘护士长，平等地关爱着海底监牢中的每一名罪人。"}
{"称号": "衡明知度", "全名/本名": "赛索斯（Sethos）", "所在国家": "须弥", "出身国家": "", "种族": "人类", "性别": "男", "稀有度": "4星", "常驻/限定": "常驻", "神之眼": "雷元素", "武器类型": "弓武器使用", "始基力": "", "命之座": "圣名环座", "特殊料理": "烤肉香香香卷", "实装日期": "2024年06月05日（4.7版本）", "TAG": "能量恢复、特殊元素附魔、伤害提升、自身暴击率提升、精通加成、特产探索", "介绍": "缄默之殿的继承者。背负着秘密，自沙中而来。"}
{"称号": "斑金矿朴", "全名/本名": "卡齐娜（Kachina）", "所在国家": "纳塔", "出身国家": "", "种族": "兽人", "性别": "女", "稀有度": "4星", "常驻/限定": "常驻", "神之眼": "岩元素", "武器类型": "长柄武器武器使用", "始基力": "", "命之座": "鼠兔座", "特殊料理": "齐齐整整", "实装日期": "2024年08月28日（5.0版本）", "TAG": "加防、特产探索、夜魂、岩造物、快速移动、能量恢复、自身伤害提升", "介绍": "纳茨卡延的年轻战士，受赐古名「乌沙博蒂」。善良执着的少女，在挫折中不断成长。"}
{"称号": "鸣雷的裁锦师", "全名/本名": "千织（Chiori）", "所在国家": "稻妻", "出身国家": "", "种族": "人类", "性别": "女", "稀有度": "5星", "常驻/限定": "限定UP", "神之眼": "岩元素", "武器类型": "单手剑武器使用", "始基力": "", "命之座": "丝切铗座", "特殊料理": "「时装秀」", "实装日期": "2024年03月13日（4.5版本）", "TAG": "协同攻击、自身附魔、自身伤害提升、冷却减少、移速提升（天赋）、位移、自身倍率附加", "介绍": "「千织屋」的老板。枫丹著名服装设计师。"}
{"称号": "秉烛狝影", "全名/本名": "克洛琳德（Clorinde）", "所在国家": "枫丹", "出身国家": "", "种族": "人类", "性别": "女", "稀有度": "5星", "常驻/限定": "限定UP", "神之眼": "雷元素", "武器类型": "单手剑武器使用", "始基力": "荒性", "命之座": "迅捷剑座", "特殊料理": "「猎获」", "实装日期": "2024年06月05日（4.7版本）", "TAG": "特产探索、生命之契、特殊元素附魔、自身治疗、自身抗打断、自身伤害提升、自身倍率附加、自身伤害减免、自身暴击率提升、自身暴击伤害提升", "介绍": "不败的决斗代理人。以手中的剑维护着枫丹廷的「公义」。"}
{"称号": "哗啦啦逐浪客", "全名/本名": "玛拉妮（Mualani）", "所在国家": "纳塔", "出身国家": "", "种族": "人类", "性别": "女", "稀有度": "5星", "常驻/限定": "限定UP", "神之眼": "水元素", "武器类型": "法器武器使用", "始基力": "", "命之座": "浪海豹座", "特殊料理": "好运传递", "实装日期": "2024年08月28日（5.0版本）", "TAG": "特产探索、夜魂、快速移动、能量恢复、自身抗打断、自身伤害提升", "介绍": "纳塔远近闻名的向导，水上用品商店的经营者，精通各类水上运动的逐浪客。"}
{"称号": "千缕之踪", "全名/本名": "艾梅莉埃（Emilie）", "所在国家": "枫丹", "出身国家": "", "种族": "人类", "性别": "女", "稀有度": "5星", "常驻/限定": "限定UP", "神之眼": "草元素", "武器类型": "长柄武器武器使用", "始基力": "芒性", "命之座": "香氛瓶座", "特殊料理": "香馥繁味", "实装日期": "2024年08月06日（4.8版本）", "TAG": "减抗、伤害提升、抗性提升、技能延长、自身倍率加成、特殊元素附魔", "介绍": "枫丹香水设计师，将秘密藏于瓶中之人。"}
{"称号": "回火之狩", "全名/本名": "基尼奇（Kinich）", "所在国家": "纳塔", "出身国家": "", "种族": "", "性别": "男", "稀有度": "5星", "常驻/限定": "限定UP", "神之眼": "草元素", "武器类型": "双手剑武器使用", "始基力": "", "命之座": "幻瑞兽座", "特殊料理": "猎龙者的犒赏", "实装日期": "2024年09月17日（5.0版本）", "TAG": "技能延长、冷却减少、自身伤害提升、快速移动、移速提升（天赋）、特产探索、自身暴击伤害提升、减抗、能量恢复、夜魂", "介绍": "维茨特兰的猎龙人，精于度量代价。"}
