{"武器名称": "岩峰巡歌", "稀有度": "★★★★★", "基础属性": "攻击力 44-542 /// 防御力% 18.0%-82.7%", "技能名称": "武器技能 - 不凋的盛年", "武器介绍": "锋锐无比的黑曜石长刀，轻巧如歌。经过某位工匠的改造，附加了能播放唱片的可拆卸燃素装置。", "实装版本": "5.1", "获取途径": "限定祈愿", "武器类型": "单手剑", "武器TAG": "防御力、伤害加成、层数叠加"}
{"武器名称": "猎人之径", "稀有度": "★★★★★", "基础属性": "攻击力 44-542 /// 暴击率 9.6%-44.1%", "技能名称": "武器技能 - 兽径的终点", "武器介绍": "以珍贵的白枝制成的饰金猎弓，曾经射落无数侵入森林的恶兽。", "实装版本": "3.0", "获取途径": "限定祈愿", "武器类型": "弓", "武器TAG": "元素伤害、重击、技能倍率"}
{"武器名称": "柔灯挽歌", "稀有度": "★★★★★", "基础属性": "攻击力 46-608 /// 暴击率 7.2%-33.1%", "技能名称": "武器技能 - 白晓的序曲", "武器介绍": "装饰着苍水晶的华美长枪，据说曾是某位传奇决斗代理人终生珍藏却从未使用过的武器。", "实装版本": "4.8", "获取途径": "限定祈愿", "武器类型": "长柄武器", "武器TAG": "能量回复、伤害加成、攻击力"}
{"武器名称": "山王长牙", "稀有度": "★★★★★", "基础属性": "攻击力 49-741 /// 暴击率 2.4%-11.0%", "技能名称": "武器技能 - 绿松石之狩", "武器介绍": "由纯然的绿松石锻造而成的巨剑，因其远超一般兵刃的重量而被冠以「山王」康加玛托之名。", "实装版本": "5.0", "获取途径": "限定祈愿", "武器类型": "双手剑", "武器TAG": "层数叠加、元素战技、元素爆发、伤害加成、元素反应"}
{"武器名称": "赤沙之杖", "稀有度": "★★★★★", "基础属性": "攻击力 44-542 /// 暴击率 9.6%-44.1%", "技能名称": "武器技能 - 蜃气尽头的热梦", "武器介绍": "黑曜石塑造的一对的权杖中的一件。在传说中，具有引领沙之民的权威，但如今已经没有能辨别出这件王器形象的臣子了。", "实装版本": "3.1", "获取途径": "限定祈愿", "武器类型": "长柄武器", "武器TAG": "攻击力、层数叠加"}
{"武器名称": "白雨心弦", "稀有度": "★★★★★", "基础属性": "攻击力 44-542 /// 生命值 14.4%-66.2%", "技能名称": "武器技能 - 德吕阿的夜曲", "武器介绍": "传说中的精灵之弓。无论是在舞台上还是战场上，都能轻而易举地拨动听者的心弦。", "实装版本": "4.7", "获取途径": "限定祈愿", "武器类型": "弓", "武器TAG": "生命值、层数叠加、暴击率"}
{"武器名称": "冲浪时光", "稀有度": "★★★★★", "基础属性": "攻击力 44-542 /// 暴击伤害 19.2%-88.2%", "技能名称": "武器技能 - 水色回忆", "武器介绍": "原本预订发放给「第一届全部族冲浪竞速锦标赛」冠军的纪念品。鉴于赛事目前尚处于筹备阶段，奖品便被临时寄存在了「悠游豚豚」内，由店主代为保管。", "实装版本": "5.0", "获取途径": "限定祈愿", "武器类型": "法器", "武器TAG": "生命值、普通攻击、层数叠加、伤害加成"}
{"武器名称": "赦罪", "稀有度": "★★★★★", "基础属性": "攻击力 48-674 /// 暴击伤害 9.6%-44.1%", "技能名称": "武器技能 - 死之契", "武器介绍": "曾经弃绝一切的骗徒使用过的刺剑，过去主要是他伪装身份活动时用的道具。", "实装版本": "4.7", "获取途径": "限定祈愿", "武器类型": "单手剑", "武器TAG": "暴击伤害、伤害加成、层数叠加"}
{"武器名称": "圣显之钥", "稀有度": "★★★★★", "基础属性": "攻击力 44-542 /// 生命值 14.4%-66.2%", "技能名称": "武器技能 - 沉入沙海的史诗", "武器介绍": "黑曜石塑造的一对的权杖中的一件。在传说中，隐藏在沙海尽头的乐园门扉是由这柄密钥开启的。", "实装版本": "3.1", "获取途径": "限定祈愿", "武器类型": "单手剑", "武器TAG": "生命值、元素精通、群体辅助"}
{"武器名称": "千夜浮梦", "稀有度": "★★★★★", "基础属性": "攻击力 44-542 /// 元素精通 58-265", "技能名称": "武器技能 - 千夜的曙歌", "武器介绍": "浮映千夜之梦的灯盏，苍翠的光中流溢着遥世的歌。", "实装版本": "3.2", "获取途径": "限定祈愿", "武器类型": "法器", "武器TAG": "元素精通、元素伤害、效果叠加、群体辅助、对象限制"}
{"武器名称": "图莱杜拉的回忆", "稀有度": "★★★★★", "基础属性": "攻击力 48-674 /// 暴击伤害 9.6%-44.1%", "技能名称": "武器技能 - 堙没的蓝宝石泪滴", "武器介绍": "深蓝宝石与纯银雕成的铃铛，回响之声清脆悠远。", "实装版本": "3.3", "获取途径": "限定祈愿", "武器类型": "法器", "武器TAG": "攻击速度、普通攻击、伤害加成"}
{"武器名称": "苇海信标", "稀有度": "★★★★★", "基础属性": "攻击力 46-608 /// 暴击率 7.2%-33.1%", "技能名称": "武器技能 - 沙海守望", "武器介绍": "造型古旧的平头大剑，似乎曾是王器与某种仪式用的武器。", "实装版本": "3.5", "获取途径": "限定祈愿", "武器类型": "双手剑", "武器TAG": "攻击力、生命值、自身限制"}
{"武器名称": "最初的大魔术", "稀有度": "★★★★★", "基础属性": "攻击力 46-608 /// 暴击伤害 14.4%-66.2%", "技能名称": "武器技能 - 伟大者帕西法尔", "武器介绍": "过去的「大魔术师」曾经使用的表演道具，最终揭露的秘密是它其实也是不俗的武器。", "实装版本": "4.0", "获取途径": "限定祈愿", "武器类型": "弓", "武器TAG": "攻击力、重击、移动速度、队伍限制"}
{"武器名称": "裁叶萃光", "稀有度": "★★★★★", "基础属性": "攻击力 44-542 /// 暴击伤害 19.2%-88.2%", "技能名称": "武器技能 - 白月枝芒", "武器介绍": "以珍贵的白枝制成的饰金之刃，曾经斩断无数浸染森林的黯毒。", "实装版本": "3.4", "获取途径": "限定祈愿", "武器类型": "单手剑", "武器TAG": "暴击率、技能倍率、普通攻击、元素战技"}
{"武器名称": "碧落之珑", "稀有度": "★★★★★", "基础属性": "攻击力 46-608 /// 生命值 10.8％-49.6％", "技能名称": "武器技能 - 定土玉圭", "武器介绍": "由碧色美玉雕成的礼器，放射着天空与碧水的光泽。", "实装版本": "3.6", "获取途径": "限定祈愿", "武器类型": "法器", "武器TAG": "能量回复、伤害加成"}
{"武器名称": "钺矛", "稀有度": "★★★", "基础属性": "攻击力 40-448 /// 攻击力% 5.1%-23.5%", "技能名称": "武器技能 - 沉重", "武器介绍": "在矛上增加斧刃的兵器，有不俗的破坏力。是千岩军军官青睐的武器。", "实装版本": "1.0", "获取途径": "宝箱", "武器类型": "长柄武器", "武器TAG": "额外伤害"}
{"武器名称": "黑缨枪", "稀有度": "★★★", "基础属性": "攻击力 38-354 /// 生命值 10.2%-46.9%", "技能名称": "武器技能 - 克柔", "武器介绍": "解决了白缨容易弄脏问题的绝世好枪。", "实装版本": "1.0", "获取途径": "祈愿、与NPC乌尔班对话获得", "武器类型": "长柄武器", "武器TAG": "对象限制、伤害加成"}
{"武器名称": "白缨枪", "稀有度": "★★★", "基础属性": "攻击力 39-401 /// 暴击率 5.1%-23.4%", "技能名称": "武器技能 - 锐利", "武器介绍": "千岩军士兵的制式武器，枪身牢靠，枪尖锋锐，是无比可靠的武器。", "实装版本": "1.0", "获取途径": "宝箱、（璃月区域宝箱）", "武器类型": "长柄武器", "武器TAG": "普通攻击"}
{"武器名称": "异世界行记", "稀有度": "★★★", "基础属性": "攻击力 39-401 /// 元素充能效率 8.5%-39.0%", "技能名称": "武器技能 - 能量沐浴", "武器介绍": "廉价的幻想小说，不具备参考价值。作为法器的力量当然也来自幻想。", "实装版本": "1.0", "获取途径": "宝箱、（蒙德区域宝箱）", "武器类型": "法器", "武器TAG": "生命恢复"}
{"武器名称": "甲级宝珏", "稀有度": "★★★", "基础属性": "攻击力 40-448 /// 暴击率 3.4%-15.6%", "技能名称": "武器技能 - 奔袭战术", "武器介绍": "两块玉石拼成的精致玉佩。", "实装版本": "1.0", "获取途径": "宝箱、（璃月区域宝箱）", "武器类型": "法器", "武器TAG": "攻击力、移动速度"}
{"武器名称": "讨龙英杰谭", "稀有度": "★★★", "基础属性": "攻击力 39-401 /// 生命值 7.7%-35.2%", "技能名称": "武器技能 - 传承", "武器介绍": "五名英雄踏上屠龙征途的虚构故事。文笔很差，结构散乱。失败的教训是这本书所拥有的伟大力量。", "实装版本": "1.0", "获取途径": "祈愿", "武器类型": "法器", "武器TAG": "攻击力、单人辅助"}
{"武器名称": "魔导绪论", "稀有度": "★★★", "基础属性": "攻击力 38-354 /// 元素精通 41-187", "技能名称": "武器技能 - 止水息雷", "武器介绍": "第十二版。结合时代发展加注了新内容，并修订了第十一版的错别字。", "实装版本": "1.0", "获取途径": "祈愿", "武器类型": "法器", "武器TAG": "水、雷、伤害加成"}
{"武器名称": "反曲弓", "稀有度": "★★★", "基础属性": "攻击力 38-354 /// 生命值 10.2%-46.9%", "技能名称": "武器技能 - 收割", "武器介绍": "据说能射下苍鹰的猎弓，但能不能做到主要还得看弓手的技术。", "实装版本": "1.0", "获取途径": "宝箱、对话、与稻妻离岛港口中野对话、与须弥化城郭池边的希琳对话", "武器类型": "弓", "武器TAG": "生命回复、对象限制"}
{"武器名称": "翡玉法球", "稀有度": "★★★", "基础属性": "攻击力 40-448 /// 元素精通 20-94", "技能名称": "武器技能 - 激流", "武器介绍": "由璃月北郊绝云间出产的硬玉雕琢而成的法器。小巧轻盈，经久耐用，江湖人称「翡玉丸」。", "实装版本": "1.0", "获取途径": "祈愿", "武器类型": "法器", "武器TAG": "元素反应、攻击力、水"}
{"武器名称": "信使", "稀有度": "★★★", "基础属性": "攻击力 40-448 /// 暴击伤害 6.8%-31.2%", "技能名称": "武器技能 - 飞矢传书", "武器介绍": "造型简单的木制弓。传说它曾被人用作远程通讯的道具。", "实装版本": "1.0", "获取途径": "宝箱、（璃月区域宝箱）", "武器类型": "弓", "武器TAG": "对象限制、额外伤害"}
{"武器名称": "神射手之誓", "稀有度": "★★★", "基础属性": "攻击力 39-401 /// 暴击伤害 10.2%-46.9%", "技能名称": "武器技能 - 精准", "武器介绍": "据说曾属于技艺高强的射手，是一把上好的弓。因为散发出强烈的气息，难以用于狩猎。", "实装版本": "1.0", "获取途径": "祈愿", "武器类型": "弓", "武器TAG": "对象限制、伤害加成"}
{"武器名称": "弹弓", "稀有度": "★★★", "基础属性": "攻击力 38-354 /// 暴击率 6.8%-31.2%", "技能名称": "武器技能 - 弹弓", "武器介绍": "其实就是一把弓。在无数的改进和实验中，发明出究极弹弓的人发现自己做了一把弓。", "实装版本": "1.0", "获取途径": "祈愿", "武器类型": "弓", "武器TAG": "伤害加成、负面效果"}
{"武器名称": "鸦羽弓", "稀有度": "★★★", "基础属性": "攻击力 40-448 /// 元素精通 20-94", "技能名称": "武器技能 - 踏火止水", "武器介绍": "相传渡鸦是死的使者。将鸦羽装饰在弓臂上，射出的每一箭都宣告着猎物的终末。", "实装版本": "1.0", "获取途径": "祈愿", "武器类型": "弓", "武器TAG": "火、水、伤害加成"}
{"武器名称": "以理服人", "稀有度": "★★★", "基础属性": "攻击力 39-401 /// 攻击力% 7.7%-35.2%", "技能名称": "武器技能 - 有话直说", "武器介绍": "精钢打造的趁手大铁棒子，最好的理论依据。", "实装版本": "1.0", "获取途径": "祈愿", "武器类型": "双手剑", "武器TAG": "额外伤害"}
{"武器名称": "铁影阔剑", "稀有度": "★★★", "基础属性": "攻击力 39-401 /// 生命值 7.7%-35.2%", "技能名称": "武器技能 - 不屈", "武器介绍": "这把剑是著名的光之狮艾伦德林的佩剑的仿品。握紧它，感受传说中大英雄的力量吧！注意：幻想请适度。", "实装版本": "1.0", "获取途径": "祈愿", "武器类型": "双手剑", "武器TAG": "自身限制、重击"}
{"武器名称": "飞天大御剑", "稀有度": "★★★", "基础属性": "攻击力 39-401 /// 物理伤害加成 9.6%-43.9%", "技能名称": "武器技能 - 勇气", "武器介绍": "可靠的大剑。传说著名的「御剑公子」曾试图借助它二度飞天。", "实装版本": "1.0", "获取途径": "宝箱、（璃月区域宝箱）、孤云阁附近拔出", "武器类型": "双手剑", "武器TAG": "攻击力、层数叠加"}
{"武器名称": "白铁大剑", "稀有度": "★★★", "基础属性": "攻击力 39-401 /// 防御力 9.6%-43.9%", "技能名称": "武器技能 - 收割", "武器介绍": "白铁锻成的双手剑，兼顾了重量与强度。即使臂力一般的人也能舞得生风，在力量强大者手中更是威力无穷。", "实装版本": "1.0", "获取途径": "宝箱、宝箱（蒙德）", "武器类型": "双手剑", "武器TAG": "生命回复、对象限制"}
{"武器名称": "沐浴龙血的剑", "稀有度": "★★★", "基础属性": "攻击力 38-354 /// 元素精通 41-187", "技能名称": "武器技能 - 踏火息雷", "武器介绍": "据说是北方英雄浸过龙血的钢铁大剑，有刀枪不入的神力...这种护佑并不会延伸到挥舞它的人身上。", "实装版本": "1.0", "获取途径": "祈愿", "武器类型": "双手剑", "武器TAG": "火、雷、伤害加成"}
{"武器名称": "旅行剑", "稀有度": "★★★", "基础属性": "攻击力 40-448 /// 防御力 6.4%-29.3%", "技能名称": "武器技能 - 旅程", "武器介绍": "趁手的钢剑，剑柄里藏着剪子、放大镜、火绒等方便旅行的小物件。", "实装版本": "1.0", "获取途径": "宝箱", "武器类型": "单手剑", "武器TAG": "生命回复"}
{"武器名称": "金流监督", "稀有度": "★★★★★", "基础属性": "攻击力 48-674 /// 暴击率 4.8%-22.1%", "技能名称": "武器技能 - 黄金的血潮", "武器介绍": "能够监控特定现象的悬浮仪器，废弃后被拾获者重新改造为其他用途。", "实装版本": "4.1", "获取途径": "限定祈愿", "武器类型": "法器", "武器TAG": "攻击力、普通攻击、重击、层数叠加、攻击速度"}
{"武器名称": "吃虎鱼刀", "稀有度": "★★★", "基础属性": "攻击力 39-401 /// 攻击力% 7.7%-35.2%", "技能名称": "武器技能 - 决", "武器介绍": "用来剖鱼的锋利铁刀，刀身狭长，非常锋利。", "实装版本": "1.0", "获取途径": "宝箱、与稻妻铁匠铺处的天目十五对话获得", "武器类型": "单手剑", "武器TAG": "额外伤害"}
{"武器名称": "黎明神剑", "稀有度": "★★★", "基础属性": "攻击力 39-401 /// 暴击伤害 10.2%-46.9%", "技能名称": "武器技能 - 激励", "武器介绍": "一把曾经耀若朝阳的宝剑，掌握它的人会获得「自我感觉良好」的力量加持。剑身上的发光材料已经褪去。", "实装版本": "1.0", "获取途径": "祈愿、任务（凯亚传说任务）", "武器类型": "单手剑", "武器TAG": "暴击率、自身限制"}
{"武器名称": "飞天御剑", "稀有度": "★★★", "基础属性": "攻击力 38-354 /// 元素充能效率 11.3%-52.1%", "技能名称": "武器技能 - 决心", "武器介绍": "可靠的钢剑，传说著名的「御剑公子」曾试图借助它飞天。", "实装版本": "1.0", "获取途径": "祈愿、对话、与绝云间到到庆云顶之间的亭子下的判官儿对话", "武器类型": "单手剑", "武器TAG": "攻击力、移动速度"}
{"武器名称": "暗铁剑", "稀有度": "★★★", "基础属性": "攻击力 39-401 /// 元素精通 31-141", "技能名称": "武器技能 - 过载", "武器介绍": "其实就是稍微有些黑的铁剑。", "实装版本": "1.0", "获取途径": "与璃月港快刀陈对话；沉玉谷·上谷中在王山厅·秘阁中的宝箱中获得（全图仅两把，建议收藏）", "武器类型": "单手剑", "武器TAG": "元素反应、攻击力、雷"}
{"武器名称": "流月针", "稀有度": "★★★★", "基础属性": "攻击力 44-565 /// 物理伤害加成 7.5%-34.5%", "技能名称": "武器技能 - 注能之针", "武器介绍": "枪尖狭长，尾部分出半月刀刃的异国兵器，经由商路流落到璃月。稍事练习掌握，便有极其出众的杀伤力。", "实装版本": "1.0", "获取途径": "锻造", "武器类型": "长柄武器", "武器TAG": "额外伤害、自身限制"}
{"武器名称": "冷刃", "稀有度": "★★★", "基础属性": "攻击力 39-401 /// 攻击力% 7.7%-35.2%", "技能名称": "武器技能 - 止水融冰", "武器介绍": "多层锻打的精钢铸就的可靠兵器，曾见证旧主诸多冒险奇谭。", "实装版本": "1.0", "获取途径": "祈愿", "武器类型": "单手剑", "武器TAG": "水、冰、伤害加成"}
{"武器名称": "西风长枪", "稀有度": "★★★★", "基础属性": "攻击力 44-565 /// 元素充能效率 6.7%-30.6%", "技能名称": "武器技能 - 顺风而行", "武器介绍": "西风骑士团的制式长枪。枪杆直挺，枪尖轻风流溢。", "实装版本": "1.0", "获取途径": "祈愿", "武器类型": "长柄武器", "武器TAG": "能量回复、自身限制"}
{"武器名称": "宗室猎枪", "稀有度": "★★★★", "基础属性": "攻击力 44-565 /// 攻击力% 6.0%-27.6%", "技能名称": "武器技能 - 专注", "武器介绍": "某位曾支配蒙德的旧日贵族，曾经珍爱的长枪。过去不曾见过天日，但如今依然尖锐无比。", "实装版本": "1.0", "获取途径": "商城兑换", "武器类型": "长柄武器", "武器TAG": "暴击率、层数叠加"}
{"武器名称": "匣里灭辰", "稀有度": "★★★★", "基础属性": "攻击力 41-454 /// 元素精通 48-221", "技能名称": "武器技能 - 踏火止水", "武器介绍": "金龙缠绕的长枪，轻快锐利无比。大抵真能轻易屠龙。", "实装版本": "1.0", "获取途径": "祈愿", "武器类型": "长柄武器", "武器TAG": "伤害加成、水、火"}
{"武器名称": "黑岩刺枪", "稀有度": "★★★★", "基础属性": "攻击力 42-510 /// 暴击伤害 12.0%-55.1%", "技能名称": "武器技能 - 乘胜追击", "武器介绍": "以黑岩与陨铁铸成的兵器，玄锋清凛的光泽中仿佛隐隐可见血色。", "实装版本": "1.0", "获取途径": "商城兑换", "武器类型": "长柄武器", "武器TAG": "对象限制、层数叠加"}
{"武器名称": "决斗之枪", "稀有度": "★★★★", "基础属性": "攻击力 41-454 /// 暴击率 8.0%-36.8%", "技能名称": "武器技能 - 角斗士", "武器介绍": "血红色的锋利长枪，过去曾是某位角斗士无比珍视的宝物。枪芒上曾沾染了无数野兽与人的鲜血。", "实装版本": "1.0", "获取途径": "纪行", "武器类型": "长柄武器", "武器TAG": "对象限制、攻击力、防御力"}
{"武器名称": "西风秘典", "稀有度": "★★★★", "基础属性": "攻击力 42-510 /// 元素充能效率 10.0%-45.9%", "技能名称": "武器技能 - 顺风而行", "武器介绍": "西风骑士团的学者间流传的秘典，记载着元素与物质的道理和力量。", "实装版本": "1.0", "获取途径": "祈愿", "武器类型": "法器", "武器TAG": "能量回复、自身限制"}
{"武器名称": "试作金珀", "稀有度": "★★★★", "基础属性": "攻击力 42-510 /// 生命值 9.0%-41.3%", "技能名称": "武器技能 - 炊金", "武器介绍": "黑岩厂中秘藏的金珀法器。其中黯黯绽放着日月星光。", "实装版本": "1.0", "获取途径": "锻造", "武器类型": "法器", "武器TAG": "能量回复、生命回复"}
{"武器名称": "昭心", "稀有度": "★★★★", "基础属性": "攻击力 41-454 /// 攻击力% 12.0%-55.1%", "技能名称": "武器技能 - 回响", "武器介绍": "幽暗的琉璃宝珠，传说中拥有洞察人心清白的力量。", "实装版本": "1.0", "获取途径": "祈愿", "武器类型": "法器", "武器TAG": "额外伤害"}
{"武器名称": "宗室秘法录", "稀有度": "★★★★", "基础属性": "攻击力 44-565 /// 攻击力% 6.0%-27.6%", "技能名称": "武器技能 - 专注", "武器介绍": "属于曾支配蒙德的贵族麾下的宫廷魔导师，其中记载的史话与法术同样翔实。", "实装版本": "1.0", "获取途径": "商城兑换", "武器类型": "法器", "武器TAG": "暴击率、层数叠加"}
{"武器名称": "黑岩绯玉", "稀有度": "★★★★", "基础属性": "攻击力 42-510 /// 暴击伤害 12.0%-55.1%", "技能名称": "武器技能 - 乘胜追击", "武器介绍": "由黑岩制成的神秘法器，无常的赤色闪光仿佛大地深处的悸动同调", "实装版本": "1.0", "获取途径": "商城兑换", "武器类型": "法器", "武器TAG": "对象限制、层数叠加"}
{"武器名称": "匣里日月", "稀有度": "★★★★", "基础属性": "攻击力 42-510 /// 暴击率 6.0%-27.6%", "技能名称": "武器技能 - 日月辉", "武器介绍": "材质难解的暗金宝珠，饱含日月天地的光辉，脉动着温暖的力量。", "实装版本": "1.0", "获取途径": "纪行", "武器类型": "法器", "武器TAG": "元素战技、元素爆发、普通攻击"}
{"武器名称": "祭礼残章", "稀有度": "★★★★", "基础属性": "攻击力 41-454 /// 元素精通 48-221", "技能名称": "武器技能 - 气定神闲", "武器介绍": "经历漫长岁月的剧本，记载着的颂词和剧本已经无法辨认。被下了受时间之风侵蚀毁坏的诅咒。", "实装版本": "1.0", "获取途径": "祈愿", "武器类型": "法器", "武器TAG": "元素战技"}
{"武器名称": "万国诸海图谱", "稀有度": "★★★★", "基础属性": "攻击力 44-565 /// 元素精通 24-110", "技能名称": "武器技能 - 注能之卷", "武器介绍": "详尽记载了大陆周边海流气候的海图，是从异国经由商路流落到璃月的奇异典籍。", "实装版本": "1.0", "获取途径": "锻造、「星之归还」第二期", "武器类型": "法器", "武器TAG": "元素伤害、层数叠加"}
{"武器名称": "西风猎弓", "稀有度": "★★★★", "基础属性": "攻击力 41-454 /// 元素充能效率 13.3%-61.3%", "技能名称": "武器技能 - 顺风而行", "武器介绍": "西风骑士团的制式反曲弓，只有杰出的弓手能与它的杰出性能相衬。", "实装版本": "1.0", "获取途径": "祈愿、任务巨龙与自由之歌", "武器类型": "弓", "武器TAG": "能量回复、自身限制"}
{"武器名称": "流浪乐章", "稀有度": "★★★★", "基础属性": "攻击力 42-510 /// 暴击伤害 12.0%-55.1%", "技能名称": "武器技能 - 登场乐", "武器介绍": "记载着歌谱的厚重记事簿。尽管遭受了虫蛀和风化，残留的手迹仍透露出力量。", "实装版本": "1.0", "获取途径": "祈愿", "武器类型": "法器", "武器TAG": "攻击力、元素伤害、元素精通"}
{"武器名称": "弓藏", "稀有度": "★★★★", "基础属性": "攻击力 42-510 /// 攻击力% 9.0%-41.3%", "技能名称": "武器技能 - 速射弓斗", "武器介绍": "布满锈迹的铁造大弓，一般人根本拿不动，遑论引弓放矢。", "实装版本": "1.0", "获取途径": "祈愿", "武器类型": "弓", "武器TAG": "普通攻击、负面效果、重击"}
{"武器名称": "苍翠猎弓", "稀有度": "★★★★", "基础属性": "攻击力 42-510 /// 暴击率 6.0%-27.6%", "技能名称": "武器技能 - 苍翠之风", "武器介绍": "高洁的青绿猎弓，曾属于在林间狩猎的某人。", "实装版本": "1.0", "获取途径": "纪行", "武器类型": "弓", "武器TAG": "额外伤害、控制"}
{"武器名称": "宗室长弓", "稀有度": "★★★★", "基础属性": "攻击力 42-510 /// 攻击力% 9.0%-41.3%", "技能名称": "武器技能 - 专注", "武器介绍": "曾支配蒙德的旧日贵族的长弓。经过世代，弓弦仍十分有力，击发迅猛。", "实装版本": "1.0", "获取途径": "商城兑换", "武器类型": "弓", "武器TAG": "暴击率、层数叠加"}
{"武器名称": "钢轮弓", "稀有度": "★★★★", "基础属性": "攻击力 41-454 /// 物理伤害加成 15.0%-69.0%", "技能名称": "武器技能 - 注能之矢", "武器介绍": "以金属制成，用滑轮引弦的复合弓，来自异国。护养极其困难，但引弓轻松，威力惊人。", "实装版本": "1.0", "获取途径": "锻造", "武器类型": "弓", "武器TAG": "攻击力、攻击速度、攻击速度（普通攻击、重击）、层数叠加"}
{"武器名称": "黑岩战弓", "稀有度": "★★★★", "基础属性": "攻击力 44-565 /// 暴击伤害 8.0%-36.8%", "技能名称": "武器技能 - 乘胜追击", "武器介绍": "以黑岩塑成的弓。弓臂坚硬无比,只有膂力绝人的弓手才能尽心所欲地使用。", "实装版本": "1.0", "获取途径": "商城兑换", "武器类型": "弓", "武器TAG": "对象限制、层数叠加"}
{"武器名称": "绝弦", "稀有度": "★★★★", "基础属性": "攻击力 42-510 /// 元素精通 36-165", "技能名称": "武器技能 - 无矢之歌", "武器介绍": "曾经作为乐器大放异彩的弓。如今已经不再能令人起舞。", "实装版本": "1.0", "获取途径": "祈愿", "武器类型": "弓", "武器TAG": "元素战技、元素爆发"}
{"武器名称": "试作古华", "稀有度": "★★★★", "基础属性": "攻击力 44-565 /// 攻击力% 6.0%-27.6%", "技能名称": "武器技能 - 粉碎", "武器介绍": "黑岩厂中秘藏的古老大刀。挥舞时，仿佛连空间本身也要被一刀两断。", "实装版本": "1.0", "获取途径": "锻造", "武器类型": "双手剑", "武器TAG": "额外伤害"}
{"武器名称": "试作澹月", "稀有度": "★★★★", "基础属性": "攻击力 42-510 /// 攻击力% 9.0%-41.3%", "技能名称": "武器技能 - 离簇不归", "武器介绍": "黑岩厂中秘藏的原型长弓。放矢之姿有如透过薄暮的月光。", "实装版本": "1.0", "获取途径": "锻造", "武器类型": "弓", "武器TAG": "攻击力、移动速度、对象限制"}
{"武器名称": "西风大剑", "稀有度": "★★★★", "基础属性": "攻击力 41-454 /// 元素充能效率 13.3%-61.3%", "技能名称": "武器技能 - 顺风而行", "武器介绍": "西风骑士团的重型仪式剑。能轻易导出元素力量，具有卓越的破坏力。", "实装版本": "1.0", "获取途径": "祈愿", "武器类型": "双手剑", "武器TAG": "能量回复、自身限制"}
{"武器名称": "宗室大剑", "稀有度": "★★★★", "基础属性": "攻击力 44-565 /// 攻击力% 6%-27.6%", "技能名称": "武器技能 - 专注", "武器介绍": "曾支配蒙德的旧日贵族的大剑，用料极佳，历久犹弥新。是贵族的战斗兵器。", "实装版本": "1.0", "获取途径": "商城兑换", "武器类型": "双手剑", "武器TAG": "暴击率、层数叠加"}
{"武器名称": "祭礼弓", "稀有度": "★★★★", "基础属性": "攻击力 44-565 /// 元素充能效率 6.7%-30.6%", "技能名称": "武器技能 - 气定神闲", "武器介绍": "在漫长岁月中石化的道具猎弓，上面的仪式性装饰依然清晰可见。拥有受时间之风冲刷的祝福力量。", "实装版本": "1.0", "获取途径": "祈愿", "武器类型": "弓", "武器TAG": "元素战技"}
{"武器名称": "白影剑", "稀有度": "★★★★", "基础属性": "攻击力 42-510 /// 防御力 11.3%-51.7%", "技能名称": "武器技能 - 注能之锋", "武器介绍": "剑身上有一面未开刃的异国大剑，经商路流落到璃月。在了解它的人手里，破坏力极可观。", "实装版本": "1.0", "获取途径": "锻造", "武器类型": "双手剑", "武器TAG": "防御力、攻击力、层数叠加"}
{"武器名称": "试作星镰", "稀有度": "★★★★", "基础属性": "攻击力 42-510 /// 元素充能效率 10.0%-45.9%", "技能名称": "武器技能 - 嗜魔", "武器介绍": "黑岩厂中秘藏的古老钩枪。锋芒上的点点闪光有如夜空稀星。", "实装版本": "1.0", "获取途径": "锻造", "武器类型": "长柄武器", "武器TAG": "层数叠加、普通攻击、重击"}
{"武器名称": "祭礼大剑", "稀有度": "★★★★", "基础属性": "攻击力 44-565 /// 元素充能效率 6.7%-30.6%", "技能名称": "武器技能 - 气定神闲", "武器介绍": "在漫长岁月中石化的道具大剑，上面的仪式性装饰依然清晰可见。拥有受时间之风冲刷的祝福力量。", "实装版本": "1.0", "获取途径": "祈愿", "武器类型": "双手剑", "武器TAG": "元素战技"}
{"武器名称": "黑岩斩刀", "稀有度": "★★★★", "基础属性": "攻击力 42-510 /// 暴击伤害 12.0%-55.1%", "技能名称": "武器技能 - 乘胜追击", "武器介绍": "坚韧无比的黑岩大刀，通体皆为玄赤之色。", "实装版本": "1.0", "获取途径": "商城兑换", "武器类型": "双手剑", "武器TAG": "对象限制、层数叠加"}
{"武器名称": "雨裁", "稀有度": "★★★★", "基础属性": "攻击力 42-510 /// 元素精通 36-165", "技能名称": "武器技能 - 止水息雷", "武器介绍": "散发着黯淡荧光的无锋大剑，纯粹以气势和力量碾碎敌人。", "实装版本": "1.0", "获取途径": "祈愿", "武器类型": "双手剑", "武器TAG": "伤害加成、水、雷"}
{"武器名称": "钟剑", "稀有度": "★★★★", "基础属性": "攻击力 42-510 /// 生命值 9.0%-41.3%", "技能名称": "武器技能 - 叛逆的守护者", "武器介绍": "装有时钟的厚重大剑，其中的计时机关早已被破坏。", "实装版本": "1.0", "获取途径": "祈愿", "武器类型": "双手剑", "武器TAG": "护盾、护盾庇护、伤害加成"}
{"武器名称": "西风剑", "稀有度": "★★★★", "基础属性": "攻击力 41-454 /// 元素充能效率 13.3%-61.3%", "技能名称": "武器技能 - 顺风而行", "武器介绍": "西风骑士团的制式长剑。轻快锐利之余，也能轻易导出元素力量。", "实装版本": "1.0", "获取途径": "祈愿", "武器类型": "单手剑", "武器TAG": "能量回复、自身限制"}
{"武器名称": "螭骨剑", "稀有度": "★★★★", "基础属性": "攻击力 42-510 /// 暴击率 6.0%-27.6%", "技能名称": "武器技能 - 破浪", "武器介绍": "来自古代大海的稀有兵器，舞剑猎猎宛如太古的涛声。", "实装版本": "1.0", "获取途径": "纪行", "武器类型": "双手剑", "武器TAG": "层数叠加、伤害加成、负面效果"}
{"武器名称": "黑剑", "稀有度": "★★★★", "基础属性": "攻击力 42-510 /// 暴击率 6.0%-27.6%", "技能名称": "武器技能 - 「正义」", "武器介绍": "渴求着纷争与砍杀的漆黑长剑，据说会让人沉醉在浴血厮杀的亢奋中。", "实装版本": "1.0", "获取途径": "纪行", "武器类型": "单手剑", "武器TAG": "普通攻击、重击、生命回复、暴击率"}
{"武器名称": "降临之剑", "稀有度": "★★★★", "基础属性": "攻击力 39-440 /// 攻击力% 7.7%-35.2%", "技能名称": "武器技能 - 降世", "武器介绍": "造型独特的剑。看起来并不属于这个世界。", "实装版本": "1.0", "获取途径": "“PlayStation Network”的玩家特典奖励", "武器类型": "单手剑", "武器TAG": "额外伤害、自身限制、攻击力"}
{"武器名称": "试作斩岩", "稀有度": "★★★★", "基础属性": "攻击力 44-565 /// 物理伤害加成 7.5%-34.5%", "技能名称": "武器技能 - 碎石", "武器介绍": "黑岩厂中秘藏的古老长剑。可挥砍断岩而刃不卷。", "实装版本": "1.0", "获取途径": "锻造、冒险等阶10级奖励获取、完成「星之归还」活动获取", "武器类型": "单手剑", "武器TAG": "攻击力、防御力、层数叠加"}
{"武器名称": "宗室长剑", "稀有度": "★★★★", "基础属性": "攻击力 42-510 /// 攻击力% 9.0%-41.3%", "技能名称": "武器技能 - 专注", "武器介绍": "曾支配蒙德的旧日贵族的佩剑。做工精良，装饰与雕花彰显着挥舞者的身份。", "实装版本": "1.0", "获取途径": "商城兑换", "武器类型": "单手剑", "武器TAG": "暴击率、层数叠加"}
{"武器名称": "黑岩长剑", "稀有度": "★★★★", "基础属性": "攻击力 44-565 /// 暴击伤害 8.0%-36.8%", "技能名称": "武器技能 - 乘胜追击", "武器介绍": "黑岩锻造而成的长剑。玄色的剑身隐隐流露血光。", "实装版本": "1.0", "获取途径": "商城兑换", "武器类型": "单手剑", "武器TAG": "对象限制、层数叠加"}
{"武器名称": "笛剑", "稀有度": "★★★★", "基础属性": "攻击力 42-510 /// 攻击力% 9.0%-41.3%", "技能名称": "武器技能 - 和弦", "武器介绍": "细剑的锈迹下透露出原本华丽的装饰，挥舞时轻若无物。", "实装版本": "1.0", "获取途径": "祈愿", "武器类型": "单手剑", "武器TAG": "层数叠加、额外伤害"}
{"武器名称": "铁蜂刺", "稀有度": "★★★★", "基础属性": "攻击力 42-510 /// 元素精通 36-165", "技能名称": "武器技能 - 注能之刺", "武器介绍": "外形流利的细长刺剑，是从异国经由商路流落到璃月的奇异兵器。轻快无比，剑芒极其锐利。", "实装版本": "1.0", "获取途径": "锻造", "武器类型": "单手剑", "武器TAG": "伤害加成、层数叠加"}
{"武器名称": "匣里龙吟", "稀有度": "★★★★", "基础属性": "攻击力 42-510 /// 攻击力% 9.0%-41.3%", "技能名称": "武器技能 - 踏火息雷", "武器介绍": "雕饰浮华的利刃，却丝毫不损它的柔韧与锋锐。破空之声有如龙吟。", "实装版本": "1.0", "获取途径": "祈愿", "武器类型": "单手剑", "武器TAG": "火、雷、伤害加成"}
{"武器名称": "祭礼剑", "稀有度": "★★★★", "基础属性": "攻击力 41-454 /// 元素充能效率 13.3%-61.3%", "技能名称": "武器技能 - 气定神闲", "武器介绍": "在漫长岁月中石化的道具剑，上面的仪式性装饰依然清晰可见。拥有受时间之风冲刷的祝福力量。", "实装版本": "1.0", "获取途径": "祈愿", "武器类型": "单手剑", "武器TAG": "元素战技"}
{"武器名称": "忍冬之果", "稀有度": "★★★★", "基础属性": "攻击力 42-510 /// 攻击力% 9.0%-41.3%", "技能名称": "武器技能 - 霜葬", "武器介绍": "具有某种冰冷意志的奇特果实，散发着微弱的苦涩气息。", "实装版本": "1.2", "获取途径": "锻造", "武器类型": "法器", "武器TAG": "额外伤害、冰"}
{"武器名称": "龙脊长枪", "稀有度": "★★★★", "基础属性": "攻击力 41-454 /// 物理伤害加成 15.0%-69.0%", "技能名称": "武器技能 - 霜葬", "武器介绍": "利用龙之牙制成的长枪，有着奇异的温暖触感。", "实装版本": "1.2", "获取途径": "锻造、任务", "武器类型": "长柄武器", "武器TAG": "额外伤害、冰"}
{"武器名称": "雪葬的星银", "稀有度": "★★★★", "基础属性": "攻击力 44-565 /// 物理伤害加成 7.5%-34.5%", "技能名称": "武器技能 - 霜葬", "武器介绍": "储存在壁画之间的古老大剑。由星银铸成，似乎拥有斩开冰雪的力量。", "实装版本": "1.2", "获取途径": "锻造、任务后龙脊雪山密室内拔出", "武器类型": "双手剑", "武器TAG": "额外伤害、冰"}
{"武器名称": "暗巷的酒与诗", "稀有度": "★★★★", "基础属性": "攻击力 44-565 /// 元素充能效率 6.7%-30.6%", "技能名称": "武器技能 - 变化万端", "武器介绍": "过去贵族时代流行的歌谱，作者已无从考究。其中记载了某位侠盗的故事…", "实装版本": "1.4", "获取途径": "限定祈愿", "武器类型": "法器", "武器TAG": "体力减免、攻击力"}
{"武器名称": "千岩长枪", "稀有度": "★★★★", "基础属性": "攻击力 44-565 /// 攻击力% 6.0%-27.6%", "技能名称": "武器技能 - 千岩诀·同心", "武器介绍": "取孤云阁的岩片精工打造的长枪，枪尖坚固无比。", "实装版本": "1.3", "获取途径": "限定祈愿", "武器类型": "长柄武器", "武器TAG": "攻击力、暴击率"}
{"武器名称": "腐殖之剑", "稀有度": "★★★★", "基础属性": "攻击力 42-510 /// 元素充能效率 10.0%-45.9%", "技能名称": "武器技能 - 无尽的渴慕", "武器介绍": "希冀着生命的诡谲直剑，附有连龙也能侵蚀的腐殖之毒。", "实装版本": "1.2", "获取途径": "活动、1.2版本活动「白垩与黑龙」活动限定武器", "武器类型": "单手剑", "武器TAG": "元素战技、暴击率"}
{"武器名称": "千岩古剑", "稀有度": "★★★★", "基础属性": "攻击力 42-510 /// 攻击力% 9%-41.3%", "技能名称": "武器技能 - 千岩诀·同心", "武器介绍": "以璃月的基岩为原料削凿成的厚重大剑。", "实装版本": "1.3", "获取途径": "限定祈愿", "武器类型": "双手剑", "武器TAG": "攻击力、暴击率"}
{"武器名称": "风花之颂", "稀有度": "★★★★", "基础属性": "攻击力 42-510 /// 元素精通 36-165", "技能名称": "武器技能 - 风花之愿", "武器介绍": "点缀以无名花朵的弓，承载着同样无名之人的殷切希望。", "实装版本": "1.4", "获取途径": "活动、1.4版本活动「风花的邀约」活动限定武器", "武器类型": "弓", "武器TAG": "攻击力"}
{"武器名称": "暗巷猎手", "稀有度": "★★★★", "基础属性": "攻击力 44-565 /// 攻击力% 6.0%-27.6%", "技能名称": "武器技能 - 街巷伏击", "武器介绍": "外形精巧奢华的长弓，曾属于某位从未被抓获的义贼。", "实装版本": "1.4", "获取途径": "限定祈愿", "武器类型": "弓", "武器TAG": "伤害加成、自身限制"}
{"武器名称": "暗巷闪光", "稀有度": "★★★★", "基础属性": "攻击力 45-620 /// 元素精通 12-55", "技能名称": "武器技能 - 街巷游侠", "武器介绍": "有着黑夜颜色的笔直长剑，曾属于穿行于暗巷的盗贼。", "实装版本": "1.4", "获取途径": "限定祈愿", "武器类型": "单手剑", "武器TAG": "伤害加成"}
{"武器名称": "嘟嘟可故事集", "稀有度": "★★★★", "基础属性": "攻击力 41-454 /// 攻击力% 12.0%-55.1%", "技能名称": "武器技能 - 嘟嘟！大冒险", "武器介绍": "一本封面华丽的童书，内容皆是童言无忌的短小故事，读之令人忍俊不住。即使业已成年的读者，读到书中天真无邪的冒险故事，也会忍不住神往吧。", "实装版本": "1.6", "获取途径": "活动、1.6版本活动「盛夏！海岛？大冒险！」活动限定武器", "武器类型": "法器", "武器TAG": "重击、攻击力"}
{"武器名称": "幽夜华尔兹", "稀有度": "★★★★", "基础属性": "攻击力 42-510 /// 物理伤害加成 11.3%-51.7%", "技能名称": "武器技能 - 极夜二重奏", "武器介绍": "有着如同罪与幻想之夜一般颜色的弓。", "实装版本": "1.6", "获取途径": "限定祈愿", "武器类型": "弓", "武器TAG": "普通攻击、元素战技"}
{"武器名称": "喜多院十文字", "稀有度": "★★★★", "基础属性": "攻击力 44-565 /// 元素精通 24-110", "技能名称": "武器技能 - 名士振舞", "武器介绍": "曾经在八酝岛守望「祟神」的枪法名士所用的特殊长枪。", "实装版本": "2.0", "获取途径": "锻造、完成远吕羽氏遗事可获得锻造图纸", "武器类型": "长柄武器", "武器TAG": "元素战技、能量回复、后台"}
{"武器名称": "桂木斩长正", "稀有度": "★★★★", "基础属性": "攻击力 42-510 /// 元素充能效率 10%-45.9%", "技能名称": "武器技能 - 名士振舞", "武器介绍": "过去在踏鞴砂打造的刀，沉重而坚韧。", "实装版本": "2.0", "获取途径": "锻造、踏鞴沙防护罩解除（踏鞴物语任务相关）后搜集三把钥匙", "武器类型": "双手剑", "武器TAG": "能量回复"}
{"武器名称": "白辰之环", "稀有度": "★★★★", "基础属性": "攻击力 44-565 /// 元素充能效率 6.7%-30.6%", "技能名称": "武器技能 - 樱之斋宫", "武器介绍": "承载着过去的「狐斋宫」思念的法器。但她的思念之大，是无法完全装进这样小小的器物当中的。", "实装版本": "2.0", "获取途径": "锻造、完成「影向祓行」可获得锻造图纸附有记忆的面具", "武器类型": "法器", "武器TAG": "元素伤害、元素反应、雷"}
{"武器名称": "破魔之弓", "稀有度": "★★★★", "基础属性": "攻击力 41-454 /// 攻击力% 12.0%-55.1%", "技能名称": "武器技能 - 浅濑之弭", "武器介绍": "曾经属于某个巫女浅濑响的战弓。以优越的技法打造，精巧而耐用。", "实装版本": "2.0", "获取途径": "锻造、奇怪的海螺兑换阿敬的宝箱大奖可获得锻造图纸<神无冢·踏鞴砂>上面海螺屋", "武器类型": "弓", "武器TAG": "普通攻击、重击、自身限制"}
{"武器名称": "天目影打刀", "稀有度": "★★★★", "基础属性": "攻击力 41-454 /// 攻击力% 12.0%-55.1%", "技能名称": "武器技能 - 岩藏之胤", "武器介绍": "传说中连以神速见长的天狗都能斩落的名士订制的刀。", "实装版本": "2.0", "获取途径": "锻造、完成农民的宝藏的任务获得锻造图纸", "武器类型": "单手剑", "武器TAG": "能量回复"}
{"武器名称": "「渔获」", "稀有度": "★★★★", "基础属性": "攻击力 42-510 /// 元素充能效率 10%-45.9%", "技能名称": "武器技能 - 船歌", "武器介绍": "在久远的过去，曾经闻名稻妻的大盗爱用的枪。", "实装版本": "2.1", "获取途径": "NPC商店、稻妻钓鱼协会兑换", "武器类型": "长柄武器", "武器TAG": "元素爆发、暴击率"}
{"武器名称": "衔珠海皇", "稀有度": "★★★★", "基础属性": "攻击力 41-454 /// 攻击力% 12%-55.1%", "技能名称": "武器技能 - 海洋的胜利", "武器介绍": "海中的大王。经过风干，是称手的兵器以及应急食品。", "实装版本": "2.1", "获取途径": "活动、2.1版本活动「韶光抚月」活动限定武器", "武器类型": "双手剑", "武器TAG": "元素爆发、额外伤害"}
{"武器名称": "断浪长鳍", "稀有度": "★★★★", "基础属性": "攻击力 45-620 /// 攻击力% 3.0%-13.8%", "技能名称": "武器技能 - 驭浪的海祇民", "武器介绍": "以海渊之下的闪亮材质打造而成的薙刀，一度曾为天狗一族所有。", "实装版本": "2.2", "获取途径": "限定祈愿", "武器类型": "长柄武器", "武器TAG": "元素爆发"}
{"武器名称": "辰砂之纺锤", "稀有度": "★★★★", "基础属性": "攻击力 41-454 /// 防御力 15.0%-69.0%", "技能名称": "武器技能 - 无垢之心", "武器介绍": "由不似这个世界的物质制成的剑，其中的力量就连侵蚀龙的腐殖之毒也能抵御住吧。", "实装版本": "2.3", "获取途径": "活动、2.3版本活动「皑尘与雪影」活动限定武器", "武器类型": "单手剑", "武器TAG": "元素战技、技能倍率"}
{"武器名称": "掠食者", "稀有度": "★★★★", "基础属性": "攻击力 42-510 /// 攻击力% 9.0%-41.3%", "技能名称": "武器技能 - 强力攻击", "武器介绍": "设计风格相当独特的弓。应该不属于这个世界。", "实装版本": "2.1", "获取途径": "2.1版本更新完后，旅行者通过PlayStation平台登录游戏，可在冒险等阶达到20级后，通过游戏内邮件免费获得该武器", "武器类型": "弓", "武器TAG": "自身限制、攻击力、层数叠加、普通攻击、重击"}
{"武器名称": "恶王丸", "稀有度": "★★★★", "基础属性": "攻击力 42-510 /// 攻击力% 9.0%-41.3%", "技能名称": "武器技能 - 驭浪的海祇民", "武器介绍": "传说中「恶王」的爱刀，刀身庞大雄伟，但挥舞起来却出乎意料地轻便。", "实装版本": "2.2", "获取途径": "限定祈愿", "武器类型": "双手剑", "武器TAG": "元素爆发"}
{"武器名称": "曚云之月", "稀有度": "★★★★", "基础属性": "攻击力 44-565 /// 攻击力% 6.0%-27.6%", "技能名称": "武器技能 - 驭浪的海祇民", "武器介绍": "出自螺钿与珊瑚的精美战弓，月色的弓臂上流动着凄然的光彩。", "实装版本": "2.2", "获取途径": "限定祈愿", "武器类型": "弓", "武器TAG": "元素爆发"}
{"武器名称": "证誓之明瞳", "稀有度": "★★★★", "基础属性": "攻击力 44-565 /// 攻击力% 6.0%-27.6%", "技能名称": "武器技能 - 微光的海渊民", "武器介绍": "大日御舆收藏的白夜国之宝。蛇神到来后，渊下宫用以公证大誓与大愿的宝物。", "实装版本": "2.5", "获取途径": "活动、2.5版本活动「三界路飨祭」活动限定武器", "武器类型": "法器", "武器TAG": "元素充能效率"}
{"武器名称": "落霞", "稀有度": "★★★★", "基础属性": "攻击力 44-565 /// 元素充能效率 6.7%-30.6%", "技能名称": "武器技能 - 渊中霞彩", "武器介绍": "以白金精制而成的宝弓，其上镶嵌着霞光闪烁的宝珠。", "实装版本": "2.7", "获取途径": "活动、2.7版本活动「危途疑踪」活动限定武器", "武器类型": "弓", "武器TAG": "伤害加成"}
{"武器名称": "笼钓瓶一心", "稀有度": "★★★★", "基础属性": "攻击力 42-510 /// 攻击力% 9.0%-41.3%", "技能名称": "武器技能 - 澄澄一心传", "武器介绍": "于遥远北国诞生之名刀，曾在归乡路上沾染无数罪恶，只为「一心」二字。", "实装版本": "2.8", "获取途径": "任务、枫红之章·第一幕「陌野不识故人」", "武器类型": "单手剑", "武器TAG": "额外伤害、攻击力"}
{"武器名称": "贯月矢", "稀有度": "★★★★", "基础属性": "攻击力 44-565 /// 元素精通 24-110", "技能名称": "武器技能 - 幽林月影", "武器介绍": "从兰那罗的故事中得到的武器。形制如同巨大的箭矢，能够作为枪矛使用。", "实装版本": "3.0", "获取途径": "锻造", "武器类型": "长柄武器", "武器TAG": "攻击力、元素反应"}
{"武器名称": "竭泽", "稀有度": "★★★★", "基础属性": "攻击力 42-510 /// 元素充能效率 10%-45.9%", "技能名称": "武器技能 - 网破", "武器介绍": "似乎是如今已经绝种的鱼。身躯富有弹性，系上绳索后能充当弓使用。", "实装版本": "3.0", "获取途径": "NPC商店、须弥钓鱼协会兑换", "武器类型": "弓", "武器TAG": "额外伤害"}
{"武器名称": "王下近侍", "稀有度": "★★★★", "基础属性": "攻击力 41-454 /// 攻击力% 12.0%-55.1%", "技能名称": "武器技能 - 迷宫之王的教导", "武器介绍": "从兰那罗的故事中得到的武器。具有弓的形制，能够射落森林的敌人。", "实装版本": "3.0", "获取途径": "锻造", "武器类型": "弓", "武器TAG": "元素精通、额外伤害"}
{"武器名称": "盈满之实", "稀有度": "★★★★", "基础属性": "攻击力 42-510 /// 元素充能效率 10%-45.9%", "技能名称": "武器技能 - 圆满之相", "武器介绍": "从兰那罗的故事中得到的果实。其中蕴含着战胜任何危机的潜能。", "实装版本": "3.0", "获取途径": "锻造", "武器类型": "法器", "武器TAG": "元素反应、元素精通、层数叠加"}
{"武器名称": "原木刀", "稀有度": "★★★★", "基础属性": "攻击力 44-565 /// 元素充能效率 6.7%-30.6%", "技能名称": "武器技能 - 森林的瑞佑", "武器介绍": "从兰那罗的故事中得到的武器。具有刀的形制，能够贯穿森林的敌人。", "实装版本": "3.0", "获取途径": "锻造、森林书第二章「梦中的苗圃」完成「兰那罗的世界」后获得兑换物「关于你与兰那罗的故事」，接着与梦之树附近的兰随尼兑换锻造图纸", "武器类型": "单手剑", "武器TAG": "元素精通、草、元素反应"}
{"武器名称": "风信之锋", "稀有度": "★★★★", "基础属性": "攻击力 42-510 /// 攻击力% 9.0%-41.3%", "技能名称": "武器技能 - 不至之风", "武器介绍": "导示长风的标鹄。风的牧歌并不总是轻柔如初…", "实装版本": "3.1", "获取途径": "活动、3.1版本活动「杯中遥吟之歌」活动限定武器", "武器类型": "长柄武器", "武器TAG": "攻击力、元素精通"}
{"武器名称": "玛海菈的水色", "稀有度": "★★★★", "基础属性": "攻击力 42-510 /// 元素精通 36-165", "技能名称": "武器技能 - 沙上楼阁", "武器介绍": "一柄光泽如水的古老大剑，经过千年流沙磨洗，锋刃依然锐利异常。", "实装版本": "3.1", "获取途径": "限定祈愿", "武器类型": "双手剑", "武器TAG": "攻击力、群体辅助"}
{"武器名称": "森林王器", "稀有度": "★★★★", "基础属性": "攻击力 44-565 /// 元素充能效率 6.7%-30.6%", "技能名称": "武器技能 - 森林的瑞佑", "武器介绍": "从兰那罗的故事中得到的武器。具有大剑的形制，能够粉碎森林的敌人。", "实装版本": "3.0", "获取途径": "锻造", "武器类型": "双手剑", "武器TAG": "元素精通、元素反应"}
{"武器名称": "流浪的晚星", "稀有度": "★★★★", "基础属性": "攻击力 42-510 /// 元素精通 36-165", "技能名称": "武器技能 - 林野晚星", "武器介绍": "原本是学者用于观测与计算天象的古老仪器。具有传导力量，作为法器的能力。", "实装版本": "3.1", "获取途径": "限定祈愿", "武器类型": "法器", "武器TAG": "攻击力、群体辅助、层数叠加"}
{"武器名称": "鹮穿之喙", "稀有度": "★★★★", "基础属性": "攻击力 44-565 /// 攻击力% 6.0%-27.6%", "技能名称": "武器技能 - 秘智之眸的青睐", "武器介绍": "以故事中的描述铸就的黄金之弓。若将它作为寻常武具使用，也可视为让纸上故事的一角在纸外的世界得到显现了吧。", "实装版本": "3.7", "获取途径": "活动、3.7版本活动「决斗！召唤之巅！」活动限定武器", "武器类型": "弓", "武器TAG": "攻击力、元素精通、层数叠加、重击"}
{"武器名称": "东花坊时雨", "稀有度": "★★★★", "基础属性": "攻击力 42-510 /// 元素精通 36-165", "技能名称": "武器技能 - 怪谭·时雨心地一本足", "武器介绍": "稍微有些特别的油纸伞。尽管长久的旅行中已经习惯风雨，与之一同静赏的雨景或许也有其中妙趣。", "实装版本": "3.3", "获取途径": "活动、3.3版本活动「秋津森夜试胆会」活动限定武器", "武器类型": "单手剑", "武器TAG": "伤害加成"}
{"武器名称": "西福斯的月光", "稀有度": "★★★★", "基础属性": "攻击力 42-510 /// 元素精通 36-165", "技能名称": "武器技能 - 镇灵的低语", "武器介绍": "闪着月色光彩的古老双刃剑。据说其中寄寓着如今已经沉默的镇灵。", "实装版本": "3.1", "获取途径": "限定祈愿", "武器类型": "单手剑", "武器TAG": "元素充能效率、群体辅助"}
{"武器名称": "峡湾长歌", "稀有度": "★★★★", "基础属性": "攻击力 42-510 /// 暴击率 6.0%-27.6%", "技能名称": "武器技能 - 冰原的诸多故事", "武器介绍": "在冰原捕鱼的人会使用的长枪，绝对不会放跑猎物。", "实装版本": "4.0", "获取途径": "纪行", "武器类型": "长柄武器", "武器TAG": "元素精通、队伍限制"}
{"武器名称": "遗祀玉珑", "稀有度": "★★★★", "基础属性": "攻击力 41-454 /// 暴击率 8.0%-36.8%", "技能名称": "武器技能 - 碧玉流转", "武器介绍": "一枚古老的玉珑，闪烁着清水般的光泽，似乎是古代的祭祀用品。", "实装版本": "4.0", "获取途径": "纪行", "武器类型": "法器", "武器TAG": "自身限制、生命值、元素精通"}
{"武器名称": "公义的酬报", "稀有度": "★★★★", "基础属性": "攻击力 44-565 /// 生命值 6.0%-27.6%", "技能名称": "武器技能 - 枪尖一点", "武器介绍": "一柄锋利的长枪，仅在枪尖处留有点滴沾染鲜血的残痕。", "实装版本": "4.0", "获取途径": "锻造", "武器类型": "长柄武器", "武器TAG": "能量回复"}
{"武器名称": "饰铁之花", "稀有度": "★★★★", "基础属性": "攻击力 44-565 /// 元素精通 24-110", "技能名称": "武器技能 - 风与花的密语", "武器介绍": "造型优雅利落的大剑，其上装饰节庆的鲜花与缎带。", "实装版本": "3.5", "获取途径": "活动、3.5版本活动「风花的呼吸」活动限定武器", "武器类型": "双手剑", "武器TAG": "攻击力、元素精通"}
{"武器名称": "纯水流华", "稀有度": "★★★★", "基础属性": "攻击力 44-565 /// 攻击力% 6%-27.6%", "技能名称": "武器技能 - 未完的杰作", "武器介绍": "造型奇特的剧本集，其中收录了科培琉司创作的所有剧本。", "实装版本": "4.0", "获取途径": "锻造", "武器类型": "法器", "武器TAG": "元素伤害"}
{"武器名称": "烈阳之嗣", "稀有度": "★★★★", "基础属性": "攻击力 44-565 /// 暴击率 4.0%-18.4%", "技能名称": "武器技能 - 阳炎古道", "武器介绍": "赤王国度的古老时代所留下的古代长弓，其上雕刻着不可理解的古老文字与庄严图案。", "实装版本": "4.0", "获取途径": "纪行", "武器类型": "弓", "武器TAG": "额外伤害、伤害加成"}
{"武器名称": "浪影阔剑", "稀有度": "★★★★", "基础属性": "攻击力 42-510 /// 攻击力% 9.0%-41.3%", "技能名称": "武器技能 - 巡航的白浪", "武器介绍": "造型优美的枫丹旧海军的制式剑，专为将官与旗舰舰长量身打造。", "实装版本": "4.0", "获取途径": "锻造", "武器类型": "双手剑", "武器TAG": "攻击力"}
{"武器名称": "静谧之曲", "稀有度": "★★★★", "基础属性": "攻击力 42-510 /// 攻击力% 9.0%-41.3%", "技能名称": "武器技能 - 深海弦振", "武器介绍": "外观奇异如海中生物的长弓，弦振之时似乎毫无声音。", "实装版本": "4.0", "获取途径": "锻造", "武器类型": "弓", "武器TAG": "伤害加成"}
{"武器名称": "海渊终曲", "稀有度": "★★★★", "基础属性": "攻击力 44-565 /// 攻击力% 6.0%-27.6%", "技能名称": "武器技能 - 最终的崇高", "武器介绍": "如神秘海渊一般沉默的长剑，比它看似所属的年代还要更加古老。", "实装版本": "4.0", "获取途径": "锻造", "武器类型": "单手剑", "武器TAG": "攻击力"}
{"武器名称": "聊聊棒", "稀有度": "★★★★", "基础属性": "攻击力 44-565 /// 暴击率 4.0%-18.4%", "技能名称": "武器技能 - 「伶牙俐齿」", "武器介绍": "一柄沉重的镶有黑曜石的大棒，有很强的说服力。", "实装版本": "4.0", "获取途径": "纪行", "武器类型": "双手剑", "武器TAG": "攻击力、元素伤害、自身限制"}
{"武器名称": "灰河渡手", "稀有度": "★★★★", "基础属性": "攻击力 42-510 /// 元素充能效率 10.0%-45.9%", "技能名称": "武器技能 - 铁骨", "武器介绍": "在过去曾经被当作武器使用的趁手废弃铜管，曾经在一些人当中享有盛名或是臭名昭著。", "实装版本": "4.0", "获取途径": "NPC商店、枫丹钓鱼协会兑换", "武器类型": "单手剑", "武器TAG": "元素战技、暴击率、元素充能效率"}
{"武器名称": "勘探钻机", "稀有度": "★★★★", "基础属性": "攻击力 44-565 /// 攻击力% 6.0%-27.6%", "技能名称": "武器技能 - 石匠号子", "武器介绍": "如今几乎绝迹的长柄钻机，常用于勘探与石料切割雕刻作业", "实装版本": "4.1", "获取途径": "限定祈愿", "武器类型": "长柄武器", "武器TAG": "攻击力、元素伤害、自身限制"}
{"武器名称": "无垠蔚蓝之歌", "稀有度": "★★★★", "基础属性": "攻击力 44-565 /// 元素充能效率 6.7%-30.6%", "技能名称": "武器技能 - 蔚蓝深空", "武器介绍": "一本装帧精美的诗集，其中收录了不少有关天空、蒲公英等蒙德人偏爱的诗歌。", "实装版本": "4.1", "获取途径": "活动、4.1版本活动「游水酝诗籍」活动限定武器", "武器类型": "法器", "武器TAG": "普通攻击、重击、层数叠加"}
{"武器名称": "狼牙", "稀有度": "★★★★", "基础属性": "攻击力 42-510 /// 暴击率 6.0%-27.6%", "技能名称": "武器技能 - 苍狼北风", "武器介绍": "传说中，遥远过去的流浪骑士所使用的长剑。", "实装版本": "4.0", "获取途径": "纪行", "武器类型": "单手剑", "武器TAG": "元素战技、元素爆发、伤害加成、暴击率、层数叠加"}
{"武器名称": "便携动力锯", "稀有度": "★★★★", "基础属性": "攻击力 41-454 /// 生命值 12%-55.1%", "技能名称": "武器技能 - 船工号子", "武器介绍": "如今几乎绝迹的旧式动力锯，曾是深受工人信赖的切割工具。", "实装版本": "4.1", "获取途径": "限定祈愿", "武器类型": "双手剑", "武器TAG": "能量回复、元素精通、自身限制"}
{"武器名称": "船坞长剑", "稀有度": "★★★★", "基础属性": "攻击力 42-510 /// 生命值 9.0%-41.3%", "技能名称": "武器技能 - 船工号子", "武器介绍": "如今几乎绝迹的便利切割工具，能够随着使用将钝化的刀片换掉。", "实装版本": "4.1", "获取途径": "限定祈愿", "武器类型": "单手剑", "武器TAG": "能量回复、元素精通、自身限制"}
{"武器名称": "测距规", "稀有度": "★★★★", "基础属性": "攻击力 44-565 /// 攻击力% 6.0%-27.6%", "技能名称": "武器技能 - 石匠号子", "武器介绍": "如今几乎绝迹的测量工具，具有发射箭矢的能力。", "实装版本": "4.1", "获取途径": "限定祈愿", "武器类型": "弓", "武器TAG": "攻击力、元素伤害、自身限制"}
{"武器名称": "「究极霸王超级魔剑」", "稀有度": "★★★★", "基础属性": "攻击力 44-565 /// 元素充能效率 6.7%-30.6%", "技能名称": "武器技能 - 加油！", "武器介绍": "统治海原的究极霸王才能使用的超级魔剑。因为使用了特殊的防水材料，就算浸在水中也不会泡坏，几乎能称得上是无敌！", "实装版本": "4.3", "获取途径": "活动、4.3版本活动「蔷薇与铳枪」活动限定武器", "武器类型": "双手剑", "武器TAG": "攻击力"}
{"武器名称": "水仙十字之剑", "稀有度": "★★★★", "基础属性": "攻击力 42-510 /// 攻击力% 9.0%-41.3%", "技能名称": "武器技能 - 勇者之剑", "武器介绍": "意志与力量随故事的结束而消褪的长剑，它将要再次踏上新的旅途。其中残余着一些力量，纪念着一场宏大的梦。", "实装版本": "4.2", "获取途径": "任务、完成「水仙的追迹」任务后获取", "武器类型": "单手剑", "武器TAG": "额外伤害"}
{"武器名称": "沙中伟贤的对答", "稀有度": "★★★★", "基础属性": "攻击力 42-510 /// 生命值 9.0%-41.3%", "技能名称": "武器技能 - 均衡的原理", "武器介绍": "象征炼金术荣耀的双蛇杖，因其地位特殊使用了特殊合金。刚度很高，重量很重，拿来打人也一定很疼。", "实装版本": "4.5", "获取途径": "活动、4.5版本活动「升炼研巧万策金」活动限定武器", "武器类型": "长柄武器", "武器TAG": "能量回复"}
{"武器名称": "筑云", "稀有度": "★★★★", "基础属性": "攻击力 42-510 /// 元素精通 36-165", "技能名称": "武器技能 - 镌岩为坊", "武器介绍": "解析昔日拱卫天衡的仙家机关后，由玉衡星委托黑岩厂锻造的实验型制式兵器。", "实装版本": "4.7", "获取途径": "活动、4.7版本活动「安固诸方之述演」活动限定武器", "武器类型": "弓", "武器TAG": "元素精通、层数叠加"}
{"武器名称": "虹的行迹", "稀有度": "★★★★", "基础属性": "攻击力 42-510 /// 防御力 11.3%-51.7%", "技能名称": "武器技能 - 流水与泉的约定", "武器介绍": "以玉石锻成的锋锐长枪，在日耀中能隐隐映出虹色的光芒。", "实装版本": "5.0", "获取途径": "锻造", "武器类型": "长柄武器", "武器TAG": "防御力"}
{"武器名称": "苍纹角杯", "稀有度": "★★★★", "基础属性": "攻击力 42-510 /// 生命值 9.0%-41.3%", "技能名称": "武器技能 - 图帕克之握", "武器介绍": "梅兹特利传承的礼器，据说是被称作「巨人」的英杰图帕克珍爱却从未使用过的宝物。", "实装版本": "5.0", "获取途径": "活动、5.0版本活动「绮绘的踪绪」活动限定武器", "武器类型": "法器", "武器TAG": "额外伤害"}
{"武器名称": "木棉之环", "稀有度": "★★★★", "基础属性": "攻击力 42-510 /// 生命值 9.0%-41.3%", "技能名称": "武器技能 - 丰沃之陆的回声", "武器介绍": "昔日的双生英杰锻造的玉器，传说曾将盘踞火山的巨龙从天穹击坠。", "实装版本": "5.0", "获取途径": "锻造", "武器类型": "法器", "武器TAG": "伤害加成"}
{"武器名称": "碎链", "稀有度": "★★★★", "基础属性": "攻击力 44-565 /// 攻击力% 6.0%-27.6%", "技能名称": "武器技能 - 花与落羽的长歌", "武器介绍": "装饰着玉石的长弓，弦上似乎总是缠卷着轻柔的风。传说是在更古老的时代中由龙的工匠所锻。", "实装版本": "5.0", "获取途径": "锻造", "武器类型": "弓", "武器TAG": "攻击力、元素精通"}
{"武器名称": "镇山之钉", "稀有度": "★★★★", "基础属性": "攻击力 44-565 /// 元素充能效率 6.7%-30.6%", "技能名称": "武器技能 - 越峰之望", "武器介绍": "矿山的工匠们合力锻造的长枪，在过去是献给群山之灵的贡物。", "实装版本": "5.1", "获取途径": "限定祈愿", "武器类型": "长柄武器", "武器TAG": "元素战技"}
{"武器名称": "弥坚骨", "稀有度": "★★★★", "基础属性": "攻击力 44-565 /// 攻击力% 6.0%-27.6%", "技能名称": "武器技能 - 陷阵者的自矜", "武器介绍": "在千万次敲打和挥舞中变得越发坚硬的骨制长剑，据传曾是英杰万杰鲁趁手的武器。", "实装版本": "5.1", "获取途径": "限定祈愿", "武器类型": "单手剑", "武器TAG": "普通攻击"}
{"武器名称": "息燧之笛", "稀有度": "★★★★", "基础属性": "攻击力 41-454 /// 防御力 15.0%-69.0%", "技能名称": "武器技能 - 镜与烟色的隐谜", "武器介绍": "造型奇特的玉石长刀，在烟谜主的传承中被称作「祭司之笛」的礼器。", "实装版本": "5.0", "获取途径": "锻造", "武器类型": "单手剑", "武器TAG": "防御力"}
{"武器名称": "撼地者", "稀有度": "★★★★", "基础属性": "攻击力 44-565 /// 攻击力% 6.0%-27.6%", "技能名称": "武器技能 - 苍翠之路的誓言", "武器介绍": "人称「窃火者」的英杰爱用的重剑，据说就连烬城之王的烈火也未能将其焚断。", "实装版本": "5.0", "获取途径": "锻造", "武器类型": "双手剑", "武器TAG": "元素战技"}
{"武器名称": "天空之脊", "稀有度": "★★★★★", "基础属性": "攻击力 48-674 /// 元素充能效率 8.0%-36.8%", "技能名称": "武器技能 - 斫断黑翼的利齿", "武器介绍": "象征风龙坚定决心的长枪。直挺的枪杆直指天穹，蕴含苍空与长风的力量。", "实装版本": "1.0", "获取途径": "祈愿", "武器类型": "长柄武器", "武器TAG": "暴击率、攻击速度、额外伤害"}
{"武器名称": "和璞鸢", "稀有度": "★★★★★", "基础属性": "攻击力 48-674 /// 暴击率 4.8%-22.1%", "技能名称": "武器技能 - 昭理的鸢之枪", "武器介绍": "魔神翡玉化作的长枪，拥有刺杀远古海兽的沉重与锋利。", "实装版本": "1.0", "获取途径": "祈愿", "武器类型": "长柄武器", "武器TAG": "层数叠加、攻击力、伤害加成"}
{"武器名称": "天空之卷", "稀有度": "★★★★★", "基础属性": "攻击力 48-674 /// 攻击力% 7.2%-33.1%", "技能名称": "武器技能 - 浮游四方的灵云", "武器介绍": "象征风龙与其主风之神的云图集。细致记载了北地天空的风与云，蕴含苍空与长风的力量。", "实装版本": "1.0", "获取途径": "祈愿", "武器类型": "法器", "武器TAG": "攻击力、元素伤害、额外伤害"}
{"武器名称": "四风原典", "稀有度": "★★★★★", "基础属性": "攻击力 46-608 /// 暴击率 7.2%-33.1%", "技能名称": "武器技能 - 无边际的眷顾", "武器介绍": "崇信风的无名先民所写的教典珍本。数千年流传的信仰之力得到了风的青睐，饱含祝福与力量。", "实装版本": "1.0", "获取途径": "祈愿", "武器类型": "法器", "武器TAG": "移动速度、元素伤害、层数叠加"}
{"武器名称": "天空之翼", "稀有度": "★★★★★", "基础属性": "攻击力 48-674 /// 暴击率 4.8%-22.1%", "技能名称": "武器技能 - 回响长天的诗歌", "武器介绍": "象征风龙身为风之神眷属的大弓。释弦时的鸣声是风之神的偏爱，蕴含苍空与长风的力量。", "实装版本": "1.0", "获取途径": "祈愿", "武器类型": "弓", "武器TAG": "暴击伤害、额外伤害"}
{"武器名称": "狼的末路", "稀有度": "★★★★★", "基础属性": "攻击力 46-608 /// 攻击力% 10.8%-49.6%", "技能名称": "武器技能 - 如狼般狩猎者", "武器介绍": "狼的骑士所使的大剑。原本只是城中铁匠赠予的厚重的铁片，却在他与狼的情谊中，获得神话般的力量。", "实装版本": "1.0", "获取途径": "祈愿", "武器类型": "双手剑", "武器TAG": "攻击力、对象限制、群体辅助"}
{"武器名称": "阿莫斯之弓", "稀有度": "★★★★★", "基础属性": "攻击力 46-608 /// 攻击力% 10.8%-49.6%", "技能名称": "武器技能 - 矢志不忘", "武器介绍": "极为古老的弓。即使原主不复存在，其中蕴藏之力依旧—那种力量无主,却在万物当中。距离心系之物越是遥远，那种力量愈是剧烈。", "实装版本": "1.0", "获取途径": "祈愿", "武器类型": "弓", "武器TAG": "普通攻击、重击、层数叠加"}
{"武器名称": "天空之傲", "稀有度": "★★★★★", "基础属性": "攻击力 48-674 /// 元素充能效率 8.0%-36.8%", "技能名称": "武器技能 - 斩裂晴空的龙脊", "武器介绍": "象征风龙的骄傲广布长空的双手剑。挥舞时的低吟是风龙的气势，蕴含苍空与长风的力量。", "实装版本": "1.0", "获取途径": "祈愿", "武器类型": "双手剑", "武器TAG": "伤害加成、额外伤害"}
{"武器名称": "天空之刃", "稀有度": "★★★★★", "基础属性": "攻击力 46-608 /// 元素充能效率 12.0%-55.1%", "技能名称": "武器技能 - 穿刺高天的利齿", "武器介绍": "象征风龙的荣誉的骑士剑，如今失而复得。剑脊上吹息着风之神的赐福，蕴含着苍空与长风的力量。", "实装版本": "1.0", "获取途径": "祈愿", "武器类型": "单手剑", "武器TAG": "暴击率、移动速度、攻击速度、额外伤害"}
{"武器名称": "贯虹之槊", "稀有度": "★★★★★", "基础属性": "攻击力 46-608 /// 攻击力% 10.8%-49.6%", "技能名称": "武器技能 - 金璋皇极", "武器介绍": "或许能贯穿一切的锋利长枪。挥舞当中，仿佛能见到空气被枪划破的裂痕。", "实装版本": "1.1", "获取途径": "限定祈愿", "武器类型": "长柄武器", "武器TAG": "护盾强效、攻击力、层数叠加、护盾庇护"}
{"武器名称": "风鹰剑", "稀有度": "★★★★★", "基础属性": "攻击力 48-674 /// 物理伤害加成 9.0%-41.3%", "技能名称": "武器技能 - 西风之鹰的抗争", "武器介绍": "西风骑士团的灵魂。历经千年仍在呼唤你卷起正义之风，祓除奸邪，一如上一位挥舞此剑的女杰。", "实装版本": "1.0", "获取途径": "祈愿", "武器类型": "单手剑", "武器TAG": "攻击力、生命回复、额外伤害"}
{"武器名称": "尘世之锁", "稀有度": "★★★★★", "基础属性": "攻击力 46-608 /// 攻击力% 10.8%-49.6%", "技能名称": "武器技能 - 金璋皇极", "武器介绍": "蕴含着某种悠远记忆的石锁，随着无穷的变换透露出其中的力量。", "实装版本": "1.1", "获取途径": "限定祈愿", "武器类型": "法器", "武器TAG": "攻击力、护盾强效、层数叠加、护盾庇护"}
{"武器名称": "无工之剑", "稀有度": "★★★★★", "基础属性": "攻击力 46-608 /// 攻击力% 10.8%-49.6%", "技能名称": "武器技能 - 金璋皇极", "武器介绍": "能靖祛妖魔奸佞，仿佛有神威的无锋大剑。", "实装版本": "1.1", "获取途径": "限定祈愿", "武器类型": "双手剑", "武器TAG": "攻击力、护盾强效、层数叠加、护盾庇护"}
{"武器名称": "斫峰之刃", "稀有度": "★★★★★", "基础属性": "攻击力 46-608 /// 攻击力% 10.8%-49.6%", "技能名称": "武器技能 - 金璋皇极", "武器介绍": "传说中象征着某一则特定契约的利刃，曾经斩落过山岳的尖端。", "实装版本": "1.2", "获取途径": "限定祈愿", "武器类型": "单手剑", "武器TAG": "攻击力、护盾强效、层数叠加、护盾庇护"}
{"武器名称": "护摩之杖", "稀有度": "★★★★★", "基础属性": "攻击力 46-608 /// 暴击伤害 14.4%-66.2%", "技能名称": "武器技能 - 无羁的朱赤之蝶", "武器介绍": "在早已失落的古老祭仪中，使用的朱赤「柴火杖」。", "实装版本": "1.3", "获取途径": "限定祈愿", "武器类型": "长柄武器", "武器TAG": "攻击力、生命值、自身限制"}
{"武器名称": "终末嗟叹之诗", "稀有度": "★★★★★", "基础属性": "攻击力 46-608 /// 元素充能效率 12.0%-55.1%", "技能名称": "武器技能 - 别离的思念之歌", "武器介绍": "如同诗人的乐器一般优美的弓，放出的箭矢如同叹息声一般穿透人心。", "实装版本": "1.4", "获取途径": "限定祈愿", "武器类型": "弓", "武器TAG": "元素精通、攻击力、层数叠加、群体辅助"}
{"武器名称": "磐岩结绿", "稀有度": "★★★★★", "基础属性": "攻击力 44-542 /// 暴击率 9.6%-44.1%", "技能名称": "武器技能 - 护国的无垢之心", "武器介绍": "由纯净的翠玉精琢细雕而成的仪礼宝剑，挥舞时剑风中似有叹息之声。", "实装版本": "1.3", "获取途径": "限定祈愿", "武器类型": "单手剑", "武器TAG": "攻击力、生命值"}
{"武器名称": "松籁响起之时", "稀有度": "★★★★★", "基础属性": "攻击力 49-741 /// 物理伤害加成 4.5%-20.7%", "技能名称": "武器技能 - 揭旗的叛逆之歌", "武器介绍": "如同翻弄草木的息吹一般轻盈的大剑,如同吹倒树木的飓风一般摧枯拉朽的武器。", "实装版本": "1.5", "获取途径": "限定祈愿", "武器类型": "双手剑", "武器TAG": "攻击力、攻击速度、攻击速度（普通攻击）、群体辅助"}
{"武器名称": "飞雷之弦振", "稀有度": "★★★★★", "基础属性": "攻击力 46-608 /// 暴击伤害 14.4%-66.2%", "技能名称": "武器技能 - 飞雷御执", "武器介绍": "曾由将军御赐的长弓，闪烁着永不熄灭的雷光。", "实装版本": "2.0", "获取途径": "限定祈愿", "武器类型": "弓", "武器TAG": "攻击力、普通攻击、层数叠加"}
{"武器名称": "苍古自由之誓", "稀有度": "★★★★★", "基础属性": "攻击力 46-608 /// 元素精通 43-198", "技能名称": "武器技能 - 抗争的践行之歌", "武器介绍": "如同悠古的歌声一般苍蓝的直剑，如同风之国土自由的誓言一般锐利的武器。", "实装版本": "1.6", "获取途径": "限定祈愿", "武器类型": "单手剑", "武器TAG": "伤害加成、普通攻击、重击、下落攻击、攻击力、层数叠加、群体辅助"}
{"武器名称": "雾切之回光", "稀有度": "★★★★★", "基础属性": "攻击力 48-674 /// 暴击伤害 9.6%-44.1%", "技能名称": "武器技能 - 雾切御腰物", "武器介绍": "闪烁着凄烈紫光的太刀。名之为「回光」是因为一度破碎的过去。", "实装版本": "2.0", "获取途径": "限定祈愿", "武器类型": "单手剑", "武器TAG": "元素伤害、层数叠加"}
{"武器名称": "薙草之稻光", "稀有度": "★★★★★", "基础属性": "攻击力 46-608 /// 元素充能效率 12.0%-55.1%", "技能名称": "武器技能 - 非时之梦·常世灶食", "武器介绍": "用于「斩草」的薙刀。对向此物之军势，也会如苇草般倒下吧…", "实装版本": "2.1", "获取途径": "限定祈愿", "武器类型": "长柄武器", "武器TAG": "元素充能效率、攻击力"}
{"武器名称": "不灭月华", "稀有度": "★★★★★", "基础属性": "攻击力 46-608 /// 生命值 10.8%-49.6%", "技能名称": "武器技能 - 白夜皓月", "武器介绍": "出自深海的美玉之环，闪烁着清澈如月的光泽，一如遥远往昔。", "实装版本": "2.1", "获取途径": "限定祈愿", "武器类型": "法器", "武器TAG": "技能倍率、普通攻击、能量回复、治疗加成"}
{"武器名称": "赤角石溃杵", "稀有度": "★★★★★", "基础属性": "攻击力 44-542 /// 暴击伤害 19.2%-88.2%", "技能名称": "武器技能 - 御伽大王御伽话", "武器介绍": "依据过去的主人的说法，这是何等鬼怪精妖都能打跑的大杵「赤角石见石溃金涂金啮御狮子」。", "实装版本": "2.3", "获取途径": "限定祈愿", "武器类型": "双手剑", "武器TAG": "防御力、技能倍率"}
{"武器名称": "息灾", "稀有度": "★★★★★", "基础属性": "攻击力 49-741 /// 攻击力% 3.6%-16.5%", "技能名称": "武器技能 - 灭却之戒法", "武器介绍": "由奇异晶石打造成的锋锐利器。幽幽蓝光似乎诉说着无尽往事。", "实装版本": "2.4", "获取途径": "限定祈愿", "武器类型": "长柄武器", "武器TAG": "元素伤害、攻击力、层数叠加、自身限制"}
{"武器名称": "波乱月白经津", "稀有度": "★★★★★", "基础属性": "攻击力 46-608 /// 暴击率 7.2%-33.1%", "技能名称": "武器技能 - 白刃流转", "武器介绍": "经津传奉命锻造的名作。因其如汹涌海涛般的气度，而得「波乱」之名。", "实装版本": "2.6", "获取途径": "限定祈愿", "武器类型": "单手剑", "武器TAG": "元素伤害、普通攻击、层数叠加"}
{"武器名称": "神乐之真意", "稀有度": "★★★★★", "基础属性": "攻击力 46-608 /// 暴击伤害 14.4%-66.2%", "技能名称": "武器技能 - 神樱神游神乐舞", "武器介绍": "表演神乐之舞时所用的神铃，为宫司所赐福。神樱之香萦绕其上。", "实装版本": "2.5", "获取途径": "限定祈愿", "武器类型": "法器", "武器TAG": "元素战技、层数叠加、元素伤害"}
{"武器名称": "静水流涌之辉", "稀有度": "★★★★★", "基础属性": "攻击力 44-542 /// 暴击伤害 19.2%-88.2%", "技能名称": "武器技能 - 湖光的朝与暮", "武器介绍": "萦绕着至纯之水的权杖，在遥远的昔日曾象征着海原之上至高的权威。", "实装版本": "4.2", "获取途径": "限定祈愿", "武器类型": "单手剑", "武器TAG": "生命值、元素战技、层数叠加"}
{"武器名称": "万世流涌大典", "稀有度": "★★★★★", "基础属性": "攻击力 44-542 /// 暴击伤害 19.2%-88.2%", "技能名称": "武器技能 - 万世的浪涛", "武器介绍": "曾在水下的隐修会中代代流传的教谕书，如今已经无人知晓其存在。", "实装版本": "4.1", "获取途径": "限定祈愿", "武器类型": "法器", "武器TAG": "生命值、重击、层数叠加、能量回复"}
{"武器名称": "若水", "稀有度": "★★★★★", "基础属性": "攻击力 44-542 /// 暴击伤害 19.2%-88.2%", "技能名称": "武器技能 - 洗濯诸类之形", "武器介绍": "色泽流移难测的长弓，在光下显现着如水的润蓝。", "实装版本": "2.7", "获取途径": "限定祈愿", "武器类型": "弓", "武器TAG": "生命值、伤害加成、对象限制"}
{"武器名称": "裁断", "稀有度": "★★★★★", "基础属性": "攻击力 48-674 /// 暴击率 4.8%-22.1%", "技能名称": "武器技能 - 诸多朝与暮的誓约", "武器介绍": "曾经抛弃家名的贵族少女使用过的武器，过去沾染了敌人与挚爱的血液。", "实装版本": "4.3", "获取途径": "限定祈愿", "武器类型": "双手剑", "武器TAG": "攻击力、元素战技、层数叠加"}
{"武器名称": "有乐御簾切", "稀有度": "★★★★★", "基础属性": "攻击力 44-542 /// 暴击伤害 19.2%-88.2%", "技能名称": "武器技能 - 锦之花与龛中剑", "武器介绍": "曾由著名的风雅之士有乐斋亲自监制的名剑，传说在过去数百年间不尝斩过活物。", "实装版本": "4.5", "获取途径": "限定祈愿", "武器类型": "单手剑", "武器TAG": "防御力、元素战技"}
{"武器名称": "鹤鸣余音", "稀有度": "★★★★★", "基础属性": "攻击力 49-741 /// 攻击力% 3.6%-16.5%", "技能名称": "武器技能 - 云笈降真要诀", "武器介绍": "由纯洁的翡玉琢刻而成的宝扇，萦绕着古老的仙力气息。", "实装版本": "4.4", "获取途径": "限定祈愿", "武器类型": "法器", "武器TAG": "伤害加成、下落攻击、能量回复"}
{"武器名称": "赤月之形", "稀有度": "★★★★★", "基础属性": "攻击力 48-674 /// 暴击率 4.8%-22.1%", "技能名称": "武器技能 - 烬日之影", "武器介绍": "色泽如赤月般刺眼的锋锐利器。据说在某个古老的王朝中曾被视为贯穿两界的礼器，但如今早已不再有人记得彼时的信仰与典礼。", "实装版本": "4.6", "获取途径": "限定祈愿", "武器类型": "长柄武器", "武器TAG": "伤害加成、自身限制、负面效果"}
{"武器名称": "冬极白星", "稀有度": "★★★★★", "基础属性": "攻击力 46-608 /// 暴击率 7.2%-33.1%", "技能名称": "武器技能 - 极昼的先兆者", "武器介绍": "如同深冬坚冰一样尖锐的无垢之弓。", "实装版本": "2.2", "获取途径": "限定祈愿", "武器类型": "弓", "武器TAG": "元素战技、元素爆发、攻击力"}
