{"称号": "异界的救世主", "全名/本名": "埃洛伊", "所属": "地平线:零之曙光", "性别": "女", "稀有度": "5星", "常驻/限定": "限定UP", "元素属性": "冰元素", "武器类型": "弓武器使用", "命之座": "诺拉勇者座", "特殊料理": "饱腹感凝胶", "实装日期": "2021年9月1日(PS4/PS5) 10月13日(全平台)", "TAG": "自身附魔、加攻、自身伤害提升、生物亲和、减攻", "介绍": "曾经是流放者，如今则是无比机敏的猎手。随时准备着为了正当之事而挽弓放箭。"}
{"称号": "狼少年", "全名/本名": "雷泽", "所属": "蒙德", "性别": "男", "稀有度": "4星", "常驻/限定": "常驻UP", "元素属性": "雷元素", "武器类型": "双手剑武器使用", "命之座": "小狼座", "特殊料理": "爪爪土豆饼", "实装日期": "2020年09月15日", "TAG": "减防、冲刺消耗减少、自身伤害提升、自身抗性提高、自身抗打断、感电免疫", "介绍": "住在蒙德地区奔狼领，远离城市与人群，和狼一同生活的少年。直觉锐利，身姿迅捷。"}
{"称号": "蒲公英骑士", "全名/本名": "琴·古恩希尔德", "所属": "蒙德", "性别": "女", "稀有度": "5星", "常驻/限定": "常驻UP", "元素属性": "风元素", "武器类型": "单手剑武器使用", "命之座": "幼狮座", "特殊料理": "提神醒脑披萨", "实装日期": "2020年09月15日", "TAG": "治疗、控制、聚怪、减抗、能量回复、攻速提升、移速提升、伤害减免、元素附着、烹饪", "介绍": "正直严谨的蒲公英骑士，蒙德西风骑士团的代理团长。"}
{"称号": "雪融有踪", "全名/本名": "重云", "所属": "璃月", "性别": "男", "稀有度": "4星", "常驻/限定": "常驻UP", "元素属性": "冰元素", "武器类型": "双手剑武器使用", "命之座": "乾坤锋座", "特殊料理": "山珍凉卤面", "实装日期": "2020年09月15日", "TAG": "减抗、元素附魔、冷却缩减、攻速提升、派遣、自身伤害提升", "介绍": "驱邪世家的年轻方士，为压制自身的【纯阳之体】费尽心机。"}
{"称号": "冻冻回魂夜", "全名/本名": "七七", "所属": "璃月", "性别": "女", "稀有度": "5星", "常驻/限定": "常驻UP", "元素属性": "冰元素", "武器类型": "单手剑武器使用", "命之座": "三清铃座", "特殊料理": "没有未来菜", "实装日期": "2020年09月15日", "TAG": "治疗、复活、减攻、能量回复、特产探索、自身伤害提升", "介绍": "药庐“不卜庐”的采药姑娘兼学徒，面色苍白如纸的不死之人。话很少，也没有什么表情。曾因“仙缘”而拥有了被凡间称作僵尸的不死之身，外表永远停留在了逝去那年，年龄不可考。"}
{"称号": "晨曦的暗面", "全名/本名": "迪卢克·莱艮芬德", "所属": "蒙德", "性别": "男", "稀有度": "5星", "常驻/限定": "常驻UP", "元素属性": "火元素", "武器类型": "双手剑武器使用", "命之座": "夜枭座", "特殊料理": "「蒙德往事」", "实装日期": "2020年09月15日", "TAG": "锻造返还、自身附魔、自身伤害加成", "介绍": "坐拥蒙德大半酒业的贵公子，财力、人望、能力都令人无法小觑。"}
{"称号": "万民百味", "全名/本名": "卯香菱", "所属": "璃月", "性别": "女", "稀有度": "4星", "常驻/限定": "常驻UP", "元素属性": "火元素", "武器类型": "长柄武器武器使用", "命之座": "长杓座", "特殊料理": "万民堂水煮鱼", "实装日期": "2020年09月15日", "TAG": "加攻、减抗、伤害提升、烹饪", "介绍": "来自璃月，名声在外的少女厨师，对料理之道极具热情，拿手麻辣菜肴堪称一绝。"}
{"称号": "无冕的龙王", "全名/本名": "北斗", "所属": "璃月", "性别": "女", "稀有度": "4星", "常驻/限定": "常驻UP", "元素属性": "雷元素", "武器类型": "双手剑武器使用", "命之座": "南天海山座", "特殊料理": "炝炒肉片", "实装日期": "2020年09月15日", "TAG": "护盾、减抗、抗打断、游泳消耗减少、弹反、自身伤害提升", "介绍": "武装船队【南十字】的首领，豪快的大姐头。"}
{"称号": "少年春衫薄", "全名/本名": "行秋", "所属": "璃月", "性别": "男", "稀有度": "4星", "常驻/限定": "常驻UP", "元素属性": "水元素", "武器类型": "单手剑武器使用", "命之座": "锦织座", "特殊料理": "江湖百味", "实装日期": "2020年09月15日", "TAG": "治疗、减抗、抗打断、伤害减免、元素附着、炼金返还、自身伤害提升", "介绍": "经常能在书摊看到的少年人。手执长剑，胸中常怀侠义之心。"}
{"称号": "旅行者", "全名/本名": "空/荧", "所属": "其它", "性别": "男/女", "稀有度": "5星", "常驻/限定": "常驻UP", "元素属性": "无、风、岩、雷元素", "武器类型": "单手剑武器使用", "命之座": "旅人座", "特殊料理": "", "实装日期": "2020年09月15日", "TAG": "属性变换、暴击提升、能量回复、自身伤害提升、控制、减抗、自身治疗", "介绍": "从世界之外漂流而来的旅行者，被神带走血亲，自此踏上寻找七神之路。"}
{"称号": "霆霓快雨", "全名/本名": "刻晴", "所属": "璃月", "性别": "女", "稀有度": "5星", "常驻/限定": "常驻UP", "元素属性": "雷元素", "武器类型": "单手剑武器使用", "命之座": "金紫定垂座", "特殊料理": "绝境求生烤鱼", "实装日期": "2020年09月15日", "TAG": "位移、能量回复、派遣、自身附魔、自身伤害提升", "介绍": "璃月七星之一，玉衡星。对「帝君一言而决的璃月」颇有微词——但实际上，神挺欣赏她这样的人。"}
{"称号": "命运试金石", "全名/本名": "班尼特", "所属": "蒙德", "性别": "男", "稀有度": "4星", "常驻/限定": "常驻UP", "元素属性": "火元素", "武器类型": "单手剑武器使用", "命之座": "险路座", "特殊料理": "提瓦特焦蛋", "实装日期": "2020年09月15日", "TAG": "治疗、加攻、伤害提升、元素附着、元素附魔、派遣", "介绍": "蒙德的冒险家少年，拥有与他的善良毫不相称的霉运。"}
{"称号": "寒风剑士", "全名/本名": "凯亚·亚尔伯里奇", "所属": "蒙德", "性别": "男", "稀有度": "4星", "常驻/限定": "常驻UP", "元素属性": "冰元素", "武器类型": "单手剑武器使用", "命之座": "孔雀羽座", "特殊料理": "果香串烤", "实装日期": "2020年09月15日", "TAG": "护盾、能量回复、冲刺消耗减少、自身治疗、技能延长、自身伤害提升", "介绍": "异国面容的剑斗士，西风骑士团的头脑派人物。"}
{"称号": "星天水镜", "全名/本名": "阿斯托洛吉斯·莫娜·梅姬斯图斯", "所属": "蒙德", "性别": "女", "稀有度": "5星", "常驻/限定": "常驻UP", "元素属性": "水元素", "武器类型": "法器武器使用", "命之座": "映天座", "特殊料理": "至高的智慧（生活）", "实装日期": "2020年09月15日", "TAG": "控制、嘲讽、伤害提升、暴击提升、炼金返还、快速移动、自身伤害提升", "介绍": "神秘的少女占星术士，声称自己是「伟大的占星术士莫娜」，拥有与名号相符的不俗实力，博学而高傲。"}
{"称号": "未授勋之花", "全名/本名": "诺艾尔", "所属": "蒙德", "性别": "女", "稀有度": "4星", "常驻/限定": "常驻UP", "元素属性": "岩元素", "武器类型": "双手剑武器使用", "命之座": "心护座", "特殊料理": "厚云朵松饼", "实装日期": "2020年09月15日", "TAG": "治疗、护盾、烹饪、技能延长、自身伤害提升", "介绍": "「西风骑士团」的可靠女仆，梦想有天能成为正式的骑士"}
{"称号": "蔷薇魔女", "全名/本名": "丽莎·敏兹", "所属": "蒙德", "性别": "女", "稀有度": "4星", "常驻/限定": "常驻UP", "元素属性": "雷元素", "武器类型": "法器武器使用", "命之座": "沙漏座", "特殊料理": "魔法肉酱面", "实装日期": "2020年09月15日", "TAG": "减防、炼金返还、自身抗打断", "介绍": "慵懒而博学的图书管理员，须弥教令院「两百年一见」的天才毕业生。"}
{"称号": "无害甜度", "全名/本名": "砂糖", "所属": "蒙德", "性别": "女", "稀有度": "4星", "常驻/限定": "常驻UP", "元素属性": "风元素", "武器类型": "法器武器使用", "命之座": "烧瓶座", "特殊料理": "伍玖叁式营养餐", "实装日期": "2020年09月15日", "TAG": "聚怪、控制、伤害提升、精通加成、炼金返还", "介绍": "对万物充满好奇的炼金术士，「生物炼金」学派的研究者。"}
{"称号": "断罪皇女！！", "全名/本名": "菲谢尔·冯·露弗施洛斯·那菲多特/艾咪", "所属": "蒙德", "性别": "女", "稀有度": "4星", "常驻/限定": "常驻UP", "元素属性": "雷元素", "武器类型": "弓武器使用", "命之座": "幻鸦座", "特殊料理": "祝圣交响乐", "实装日期": "2020年09月15日", "TAG": "自身治疗、派遣", "介绍": "自称「断罪之皇女」，与名为奥兹的漆黑夜鸦同行的神秘少女"}
{"称号": "掩月天权", "全名/本名": "凝光", "所属": "璃月", "性别": "女", "稀有度": "4星", "常驻/限定": "常驻UP", "元素属性": "岩元素", "武器类型": "法器武器使用", "命之座": "玑衡仪座", "特殊料理": "乾坤摩拉肉", "实装日期": "2020年09月15日", "TAG": "抗性提升、伤害提升、矿物探查", "介绍": "「璃月七星」中的「天权」，其名下财富之多，全大陆鲜有人能望其项背"}
{"称号": "逃跑的太阳", "全名/本名": "可莉", "所属": "蒙德", "性别": "女", "稀有度": "5星", "常驻/限定": "限定UP", "元素属性": "火元素", "武器类型": "法器武器使用", "命之座": "四叶草座", "特殊料理": "鱼香吐司", "实装日期": "2020年10月20日", "TAG": "减防、能量回复、伤害提升、特产探索", "介绍": "西风骑士团禁闭室的常客，蒙德的爆破大师。人称「逃跑的太阳」。"}
{"称号": "花坂豪快", "全名/本名": "荒泷一斗", "所属": "稻妻", "性别": "男", "稀有度": "5星", "常驻/限定": "限定UP", "元素属性": "岩元素", "武器类型": "双手剑武器使用", "命之座": "天牛座", "特殊料理": "", "实装日期": "2020年11月24日", "TAG": "", "介绍": "精神小伙"}
{"称号": "风色诗人", "全名/本名": "巴巴托斯", "所属": "蒙德", "性别": "男", "稀有度": "5星", "常驻/限定": "限定UP", "元素属性": "风元素", "武器类型": "弓武器使用", "命之座": "歌仙座", "特殊料理": "真·风神杂烩菜", "实装日期": "2020年09月28日", "TAG": "控制、聚怪、减抗、能量回复、滑翔消耗减少、自身伤害提升", "介绍": "蒙德城诸多吟游诗人中的一位，自由自在地穿行在街头巷尾"}
{"称号": "猫尾特调", "全名/本名": "迪奥娜·凯茨莱茵", "所属": "蒙德", "性别": "女", "稀有度": "4星", "常驻/限定": "常驻UP", "元素属性": "冰元素", "武器类型": "弓武器使用", "命之座": "小猫座", "特殊料理": "绝对不是下酒菜", "实装日期": "2020年11月11日", "TAG": "减攻、治疗、护盾、移速提升、元素附着、精通加成、体力消耗降低、烹饪、自身伤害提升", "介绍": "遗传了稀薄的「非人」血统的少女,「猫尾酒馆」的超人气调酒师。猫耳娘，黑暗酿酒师"}
{"称号": "「公子」达达利亚", "全名/本名": "阿贾克斯", "所属": "至冬", "性别": "男", "稀有度": "5星", "常驻/限定": "限定UP", "元素属性": "水元素", "武器类型": "弓武器使用", "命之座": "鲸天座", "特殊料理": "极致一钓", "实装日期": "2020年11月11日", "TAG": "天赋提升", "介绍": "愚人众执行官第十一位，「公子」，其战绩威名远扬。"}
{"称号": "燥热旋律", "全名/本名": "辛焱", "所属": "璃月", "性别": "女", "稀有度": "4星", "常驻/限定": "常驻UP", "元素属性": "火元素", "武器类型": "双手剑武器使用", "命之座": "红檀四弦座", "特殊料理": "摇·滚·鸡！", "实装日期": "2020年12月01日", "TAG": "护盾、减抗、伤害提升、元素附着、烹饪", "介绍": "璃月港唯一的摇滚歌手，以音乐和热情歌颂着对「成见」的反抗。"}
{"称号": "白垩之子", "全名/本名": "阿贝多", "所属": "蒙德", "性别": "男", "稀有度": "5星", "常驻/限定": "限定UP", "元素属性": "岩元素", "武器类型": "单手剑武器使用", "命之座": "白垩之子座", "特殊料理": "「林之梦」", "实装日期": "2020年12月23日", "TAG": "伤害提升、精通加成、炼金返还、自身伤害提升", "介绍": "西风骑士团首席炼金术师兼调查小队队长，被称作「白垩之子」的天才"}
{"称号": "尘世闲游", "全名/本名": "摩拉克斯", "所属": "璃月", "性别": "男", "稀有度": "5星", "常驻/限定": "限定UP", "元素属性": "岩元素", "武器类型": "长柄武器武器使用", "命之座": "岩王帝君座", "特殊料理": "文火慢炖腌笃鲜", "实装日期": "2020年12月01日", "TAG": "治疗、控制、减抗、护盾、护盾强效、锻造返还、自身伤害提升、自身抗打断", "介绍": "被「往生堂」请来的神秘客人,知识渊博,对各种事物都颇有见地。"}
{"称号": "护法夜叉", "全名/本名": "魈", "所属": "璃月", "性别": "男", "稀有度": "5星", "常驻/限定": "限定UP", "元素属性": "风元素", "武器类型": "长柄武器武器使用", "命之座": "金翅鹏王座", "特殊料理": "「美梦」", "实装日期": "2021年02月03日", "TAG": "位移、攀爬消耗减少、自身伤害提升、下落免疫", "介绍": "守护璃月的仙人，「夜叉」。美号「降魔大圣」，妙称「护法夜叉大将」。"}
{"称号": "循循守月", "全名/本名": "甘雨", "所属": "璃月", "性别": "女", "稀有度": "5星", "常驻/限定": "限定UP", "元素属性": "冰元素", "武器类型": "弓武器使用", "命之座": "仙麟座", "特殊料理": "盛世太平", "实装日期": "2021年01月12日", "TAG": "嘲讽、减抗、伤害提升、锻造返还", "介绍": "月海亭的秘书，体内流淌着仙兽「麒麟」的血脉。"}
{"称号": "棘冠恩典", "全名/本名": "罗莎莉亚", "所属": "蒙德", "性别": "女", "稀有度": "4星", "常驻/限定": "常驻UP", "元素属性": "冰元素", "武器类型": "长柄武器武器使用", "命之座": "荆冠座", "特殊料理": "审判的晚宴", "实装日期": "2021年04月06日", "TAG": "暴击提升、移速提升、移速提升（天赋）", "介绍": "除了打扮哪里都不像神职人员的修女。冷淡的言行中透着锐利。总是单独行动。"}
{"称号": "智明无邪", "全名/本名": "烟绯", "所属": "璃月", "性别": "女", "稀有度": "4星", "常驻/限定": "常驻UP", "元素属性": "火元素", "武器类型": "法器武器使用", "命之座": "法兽座", "特殊料理": "「自有方圆」", "实装日期": "2021年04月28日", "TAG": "自身体力消耗降低、自身伤害提升、特产探索、自身抗打断、护盾", "介绍": "活跃在璃月港的知名律师咨询师，混有仙兽血脉的精明少女。"}
{"称号": "红叶逐荒波", "全名/本名": "枫原万叶", "所属": "稻妻", "性别": "男", "稀有度": "5星", "常驻/限定": "限定UP", "元素属性": "风元素", "武器类型": "单手剑武器使用", "命之座": "枫红座", "特殊料理": "雨奇晴好", "实装日期": "2021年06月29日", "TAG": "伤害提升、聚怪、位移、冲刺消耗减少、精通加成", "介绍": "来自稻妻的浪人武士，如今栖身于璃月船队「南十字」中。性情温和而洒脱，心中埋藏着许多往事。"}
{"称号": "雪霁梅香", "全名/本名": "胡桃", "所属": "璃月", "性别": "女", "稀有度": "5星", "常驻/限定": "限定UP", "元素属性": "火元素", "武器类型": "长柄武器武器使用", "命之座": "引蝶座", "特殊料理": "幽幽大行军", "实装日期": "2021年03月02日", "TAG": "自身附魔、自身治疗、暴击提升、自身伤害提升、烹饪、自身体力消耗降低、自身抗打断、自身抗性提高", "介绍": "「往生堂」七十七代堂主，年纪轻轻就已主掌璃月的葬仪事务"}
{"称号": "浪沫的旋舞", "全名/本名": "优菈·劳伦斯", "所属": "蒙德", "性别": "女", "稀有度": "5星", "常驻/限定": "限定UP", "元素属性": "冰元素", "武器类型": "双手剑武器使用", "命之座": "浪沫座", "特殊料理": "骇浪派", "实装日期": "2021年05月18日", "TAG": "减抗、炼金返还、自身伤害提升、自身抗打断、物理输出", "介绍": "古老家族出身的「浪花骑士」，西风骑士团游击小队队长。身为旧贵族后裔却加入了堪称死对头的西风骑士团，该事件至今仍是蒙德一大谜团。"}
{"称号": "白鹭霜华", "全名/本名": "神里绫华", "所属": "稻妻", "性别": "女", "稀有度": "5星", "常驻/限定": "限定UP", "元素属性": "冰元素", "武器类型": "单手剑武器使用", "命之座": "雪鹤座", "特殊料理": "「红炉一点雪」", "实装日期": "2021年07月21日", "TAG": "减防、炼金返还、快速移动、自身附魔、自身伤害提升", "介绍": "稻妻「社奉行」神里家的大小姐。端庄而文雅，聪慧又坚韧。"}
{"称号": "黑羽鸣镝", "全名/本名": "九条裟罗", "所属": "稻妻", "性别": "女", "稀有度": "4星", "常驻/限定": "常驻UP", "元素属性": "雷元素", "武器类型": "弓武器使用", "命之座": "羽团扇座", "特殊料理": "永恒的信仰", "实装日期": "2021年09月01日", "TAG": "加攻、爆伤提升、能量回复、派遣", "介绍": "「天领奉行」的大将，杀伐果断，骁勇善战。"}
{"称号": "琉焰华舞", "全名/本名": "长野原宵宫", "所属": "稻妻", "性别": "女", "稀有度": "5星", "常驻/限定": "限定UP", "元素属性": "火元素", "武器类型": "弓武器使用", "命之座": "琉金座", "特殊料理": "夏祭游鱼", "实装日期": "2021年08月10日", "TAG": "加攻、家园制造相关、自身附魔、自身伤害提升", "介绍": "「长野原烟花店」店长，「夏祭的女王」，将人们的愿望寄托于烟花中的能工巧匠。"}
{"称号": "真珠之智", "全名/本名": "珊瑚宫心海", "所属": "稻妻", "性别": "女", "稀有度": "5星", "常驻/限定": "限定UP", "元素属性": "水元素", "武器类型": "法器武器使用", "命之座": "眠龙座", "特殊料理": "「奇策」", "实装日期": "2021年09月21日", "TAG": "治疗、游泳消耗减少", "介绍": "海衹岛的「现人神巫女」，统管海祇岛各项事宜的少女。"}
{"称号": "渡来介者", "全名/本名": "托马", "所属": "稻妻", "性别": "男", "稀有度": "4星", "常驻/限定": "常驻UP", "元素属性": "火元素", "武器类型": "长柄武器武器使用", "命之座": "赤楯座", "特殊料理": "", "实装日期": "2021年11月02日", "TAG": "", "介绍": ""}
{"称号": "忍里之貉", "全名/本名": "早柚", "所属": "稻妻", "性别": "女", "稀有度": "4星", "常驻/限定": "常驻UP", "元素属性": "风元素", "武器类型": "双手剑武器使用", "命之座": "小貉座", "特殊料理": "头晕回避术·改", "实装日期": "2021年08月10日", "TAG": "治疗、生物亲和、高速移动", "介绍": "属于「终末番」的忍者。身形小巧，总像没睡饱一样。"}
{"称号": "一心净土", "全名/本名": "巴尔泽布/雷电影", "所属": "稻妻", "性别": "女", "稀有度": "5星", "常驻/限定": "限定UP", "元素属性": "雷元素", "武器类型": "长柄武器武器使用", "命之座": "天下人座", "特殊料理": "图  /该角色无法参与料理", "实装日期": "2021年09月01日", "TAG": "加攻、伤害提升、能量回复、冷却缩减、突破返还、自身抗打断、自身伤害提升、感电免疫", "介绍": "其身为御建鸣神主尊大御所大人，许稻妻人民以亘古不变的「永恒」。"}
{"称号": "戎犬锵锵", "全名/本名": "五郎", "所属": "稻妻", "性别": "男", "稀有度": "4星", "常驻/限定": "常驻UP", "元素属性": "岩元素", "武器类型": "弓武器使用", "命之座": "柴犬座", "特殊料理": "", "实装日期": "2021年11月24日", "TAG": "", "介绍": ""}
