{"国家名称":"蒙德","英文":"Mondstadt","管治机构":"西风骑士团","描述":"蒙德是游戏《原神》及其衍生作品中的一个国家。位于提瓦特大陆的北边。蒙德是提瓦特大陆七国中的一个城邦。蒙德城四面被果酒湖包围，只有一座石桥与外界连接，在城市的最深处是一座宏伟的大教堂，名为'西风大教堂'，教堂外的广场上竖立着风神巴巴托斯的雕像。数千年前蒙德曾由'尘世七执政'中的'风神巴巴托斯'管理，但为了自由的风神放弃治理，只在蒙德由旧贵族统治的腐败时期进行过协助。当今实质的管理者是'西风骑士团'。","地区背景":"蒙德位于提瓦特大陆东北部的自由城邦。群山和广袤的平原间，自由之风携着蒲公英的气息吹拂过果酒湖，为坐落于湖心岛上的蒙德城送去风神巴巴托斯的祝福与恩泽。"}
{"国家名称":"璃月","英文":"Liyue","管治机构":"璃月七星","描述":"璃月是游戏《原神》及其衍生作品中的一个国家，是提瓦特大陆七国中的一国。在七国中以「岩」为信仰。璃月港是全提瓦特大陆最繁华且吞吐量最大的港口，其黄金屋也是全提瓦特统一货币“摩拉”的唯一制造所。'。","地区背景":"璃月位于提瓦特大陆东方的富饶港湾。傲然矗立的山麓与石林、广袤的平原与生机勃勃的河滩共同构成了璃月的丰富地貌，在四季分明的气候下焕发出多彩的风华。山石奇景间，埋藏着无尽的岩之魔神的古老馈赠等待着人们发掘。"}
{"国家名称":"稻妻","英文":"Inazuma","管治机构":"稻妻幕府","描述":"稻妻是游戏《原神》及其衍生作品中的国家，是提瓦特大陆七国中的一国，位于提瓦特大陆远东的封闭群岛。在七国中信仰「雷」元素力，统治者为信奉「永恒」的「雷电将军」巴尔泽布。原型为闭关锁国的日本幕府时期","地区背景":"稻妻，日语中即闪电之意，是位于提瓦特大陆远东的封闭群岛。越过无尽的雷暴，踏上红枫与绯樱眷顾的诸岛，在环绕的砂堤、高耸的断崖与幽秘的山林之中，见证御建鸣神主尊大御所大人所追寻的永恒。"}
{"国家名称":"至冬","英文":"Snezhnaya","管治机构":"愚人众","描述":"至冬，冰神所统治的国度，其势力愚人众分布大陆各地。","地区背景":"暂无"}
{"国家名称":"须弥","英文":"Snezhnaya","管治机构":"教令院","描述":"至冬，冰神所统治的国度，其势力愚人众分布大陆各地。","地区背景":"暂无"}
{"国家名称":"纳塔","英文":"Snezhnaya","管治机构":"圣火竞技场","描述":"至冬，冰神所统治的国度，其势力愚人众分布大陆各地。","地区背景":"暂无"}
{"国家名称":"枫丹","英文":"暂无","管治机构":"沫芒宫","描述":"暂无","地区背景":"暂无"}