{"武器名称": "无锋剑", "类型": "单手剑", "稀有度": "1", "基础属性1": "无", "基础属性2": "基础攻击力23", "介绍": "少年人的梦想，踏上旅途的兴奋——如果这两种珍贵的品质还不够锋利，那就用勇气补足吧。", "技能名称": "无", "效果介绍": "无", "获取途径": "初始武器赠送、宝箱、商店购买", "TAG": "无特点"}
{"武器名称": "薙草之稻光", "类型": "长柄武器", "稀有度": "5", "基础属性1": "元素充能效率12.0%", "基础属性2": "基础攻击力46", "介绍": "用于「斩草」的薙(tì)刀。对向此物之军势，也会如苇草般倒下吧…", "技能名称": "非时之梦·常世灶食", "效果介绍": "攻击力获得提升(基础攻击力x百分比+人物面板攻击)，提升程度相当于元素充能效率超出100%部分的28%/35%/42%/49%/56%，至多通过这种方式提升80%/90%/100%/110%/120%。施放元素爆发后的12秒内，元素充能效率提升30%/35%/40%/45%/50%。", "获取途径": "限定祈愿", "TAG": "元素充能效率、攻击力"}
{"武器名称": "贯虹之槊", "类型": "长柄武器", "稀有度": "5", "基础属性1": "攻击力10.8%", "基础属性2": "基础攻击力46", "介绍": "或许能贯穿一切的锋利长枪。挥舞当中，仿佛能见到空气被枪划破的裂痕。", "技能名称": "金璋皇极", "效果介绍": "护盾强效提升20%/25%/30%/35%/40%。攻击命中后的8秒内，攻击力提升4%/5%/6%/7%/8%。该效果至多可叠加5层，每0.3秒只能触发一次。此外，处于护盾庇护下时，该效果的攻击力提升效果提高100%。", "获取途径": "限定祈愿", "TAG": "护盾强效、攻击力、层数叠加、护盾庇护"}
{"武器名称": "天空之脊", "类型": "长柄武器", "稀有度": "5", "基础属性1": "元素充能效率8%", "基础属性2": "基础攻击力48", "介绍": "象征风龙坚定决心的长枪。直挺的枪杆直指天穹，蕴含苍空与长风的力量", "技能名称": "斫断黑翼的利齿", "效果介绍": "暴击率提升8%/10%/12%/14%/16%， 普通攻击速度提升12%, 此外，普通攻击与重击命中敌人时，有50%概率触发真空刃，在小范围内造成额外40%/55%/70%/85%/100%攻击力的伤害。该效果每2秒至多触发一次。", "获取途径": "祈愿", "TAG": "暴击率、攻击速度、额外伤害"}
{"武器名称": "和璞鸢", "类型": "长柄武器", "稀有度": "5", "基础属性1": "暴击率4.8%", "基础属性2": "基础攻击力48", "介绍": "魔神翡玉化作的长枪，拥有刺杀远古海兽的沉重与锋利。", "技能名称": "昭理的鸢之枪", "效果介绍": "命中敌人时自身攻击力提高3.2%/3.9%/4.6%/5.3%/6%，持续6秒，最高可以叠加7层。该效果每0.3秒最多触发一次。满层状态时伤害提升12%/15%/18%/21%/24%。", "获取途径": "祈愿", "TAG": "层数叠加、攻击力、伤害加成"}
{"武器名称": "护摩之杖", "类型": "长柄武器", "稀有度": "5", "基础属性1": "暴击伤害14.4%", "基础属性2": "基础攻击力46", "介绍": "在早已失落的古老祭仪中，使用的朱赤「柴火杖」。", "技能名称": "无羁的朱赤之蝶", "效果介绍": "生命值提升20%/25%/30%/35%/40%。此外，提供基于装备该武器的角色生命值上限的0.8%/1%/1.2%/1.4%/1.6%，获得攻击力加成。当装备该武器的角色生命值低于50%时，进一步获得1%/1.2%/1.4%/1.6%/1.8%最大生命值上限的攻击力提升。", "获取途径": "限定祈愿", "TAG": "生命值、攻击力、自身限制"}
{"武器名称": "西风长枪", "类型": "长柄武器", "稀有度": "4", "基础属性1": "元素充能效率6.7%", "基础属性2": "基础攻击力44", "介绍": "西风骑士团的制式长枪。枪杆直挺，枪尖轻风流溢。", "技能名称": "顺风而行", "效果介绍": "攻击造成暴击时，有60%/70%/80%/90%/100%的几率产生少量元素微粒，能为角色恢复6点元素能量。该效果每12/10.5/9/7.5/6秒只能触发一次。", "获取途径": "祈愿", "TAG": "能量回复、自身限制"}
{"武器名称": "宗室猎枪", "类型": "长柄武器", "稀有度": "4", "基础属性1": "攻击力6.0%", "基础属性2": "基础攻击力44", "介绍": "某位曾支配蒙德的旧日贵族，曾经珍爱的长枪。过去不曾见过天日，但如今依然尖锐无比。", "技能名称": "专注", "效果介绍": "攻击造成伤害时，暴击率提升8%/10%/12%/14%/16%,最多堆叠5次。攻击造成暴击后，移除已有的专注效果。", "获取途径": "商城兑换", "TAG": ""}
{"武器名称": "龙脊长枪", "类型": "长柄武器", "稀有度": "4", "基础属性1": "物理伤害加成15.0%", "基础属性2": "基础攻击力41", "介绍": "利用龙之牙制成的长枪，有着奇异的温暖触感。", "技能名称": "霜葬", "效果介绍": "普通攻击与重击命中敌人时，有60%/70%/80%/90%/100%概率在敌人上方生成恒冰晶核并坠落，造成80%/95%/110%/125%/140%攻击力的范围伤害。若敌人处于冰元素影响下，则造成200%/240%/280%/320%/360%攻击力的伤害。该效果每10秒至多触发一次。", "获取途径": "锻造、任务", "TAG": "额外伤害、冰"}
{"武器名称": "决斗之枪", "类型": "长柄武器", "稀有度": "4", "基础属性1": "暴击率8.0%", "基础属性2": "基础攻击力41", "介绍": "血红色的锋利长枪，过去曾是某位角斗士无比珍视的宝物。枪芒上曾沾染了无数野兽与人的鲜血。", "技能名称": "角斗士", "效果介绍": "身边至少有2个敌人时，获得16%/20%/24%/28%/32%攻击力提升与16%/20%/24%/28%/32%防御力提升；身边的敌人少于2个时，获得24%/30%/36%/42%/48%攻击力提升。", "获取途径": "纪行", "TAG": "对象限制、攻击力、防御力"}
{"武器名称": "流月针", "类型": "长柄武器", "稀有度": "4", "基础属性1": "物理伤害加成7.5%", "基础属性2": "基础攻击力44", "介绍": "枪尖狭长，尾部分出半月刀刃的异国兵器，经由商路流落到璃月。稍事练习掌握，便有极其出众的杀伤力。", "技能名称": "注能之针", "效果介绍": "获得元素微粒或元素晶球后的5秒内，普通攻击和重击额外造成20%/25%/30%/35%/40%攻击力伤害。", "获取途径": "锻造", "TAG": "额外伤害"}
{"武器名称": "喜多院十文字", "类型": "长柄武器", "稀有度": "4", "基础属性1": "元素精通24", "基础属性2": "基础攻击力44", "介绍": "曾经在八酝岛守望「祟神」的枪法名士所用的特殊长枪。", "技能名称": "名士振舞", "效果介绍": "元素战技造成的伤害提升6%/7.5%/9%/10.5%/12%。元素战技命中后，角色流失3点元素能量，并在此后的6秒内，每2秒恢复3/3.5/4/4.5/5点元素能量。该效果每10秒至多触发一次，角色处于队伍后台也能触发。", "获取途径": "锻造、完成远吕羽氏遗事可获得锻造图纸", "TAG": "元素充能、元素精通"}
{"武器名称": "黑岩刺枪", "类型": "长柄武器", "稀有度": "4", "基础属性1": "暴击伤害12.0%", "基础属性2": "基础攻击力42", "介绍": "以黑岩与陨铁铸成的兵器，玄锋清凛的光泽中仿佛隐隐可见血色。", "技能名称": "乘胜追击", "效果介绍": "击败敌人后，攻击力提升12%/15%/18%/21%/24%，持续30秒。该效果至多叠加3层，每层持续时间独立。", "获取途径": "商城兑换", "TAG": "对象限制、层数叠加"}
{"武器名称": "试作星镰", "类型": "长柄武器", "稀有度": "4", "基础属性1": "元素充能效率10.0%", "基础属性2": "基础攻击力42", "介绍": "黑岩厂中秘藏的古老钩枪。锋芒上的点点闪光有如夜空稀星。", "技能名称": "嗜魔", "效果介绍": "施放元素战技后，普通攻击和重击造成的伤害提高8%/10%/12%/14%/16%。该效果持续12秒，最多叠加2层。", "获取途径": "锻造", "TAG": "层数叠加、普通攻击、重击"}
{"武器名称": "千岩长枪", "类型": "长柄武器", "稀有度": "4", "基础属性1": "攻击力6.0%", "基础属性2": "基础攻击力44", "介绍": "取孤云阁的岩片精工打造的长枪，枪尖坚固无比。", "技能名称": "千岩诀·同心", "效果介绍": "队伍中每有一位璃月角色，装备该武器的角色便获得7%/8%/9%/10%/11%攻击力提升与3%/4%/5%/6%/7%暴击率提升。至多获得4层提升效果。", "获取途径": "限定祈愿", "TAG": "攻击力、暴击率"}
{"武器名称": "「渔获」", "类型": "长柄武器", "稀有度": "4", "基础属性1": "元素充能效率10.0%", "基础属性2": "基础攻击力42", "介绍": "在久远的过去，曾经闻名稻妻的大盗爱用的枪。", "技能名称": "船歌", "效果介绍": "元素爆发造成的伤害提升16%/20%/24%/28%/32%，元素爆发的暴击率提升6%/7.5%/9%/10.5%/12%。", "获取途径": "npc商店、稻妻钓鱼协会兑换", "TAG": "元素爆发、暴击率"}
{"武器名称": "匣里灭辰", "类型": "长柄武器", "稀有度": "4", "基础属性1": "元素精通48", "基础属性2": "基础攻击力41", "介绍": "金龙缠绕的长枪，轻快锐利无比。大抵真能轻易屠龙。", "技能名称": "踏火止水", "效果介绍": "对于处于水元素或火元素影响下的敌人，造成的伤害提高20%/24%/28%/32%/36%。", "获取途径": "祈愿", "TAG": "伤害加成、水、火"}
{"武器名称": "黑缨枪", "类型": "长柄武器", "稀有度": "3", "基础属性1": "生命值10.2%", "基础属性2": "基础攻击力38", "介绍": "解决了白缨容易弄脏问题的绝世好枪。", "技能名称": "克柔", "效果介绍": "对史莱姆类敌人造成的伤害增加40%/50%/60%/70%/80%。", "获取途径": "祈愿", "TAG": "对象限制、伤害加成"}
{"武器名称": "白缨枪", "类型": "长柄武器", "稀有度": "3", "基础属性1": "暴击率5.1%", "基础属性2": "基础攻击力39", "介绍": "千岩军士兵的制式武器，枪身牢靠，枪尖锋锐，是无比可靠的武器。", "技能名称": "锐利", "效果介绍": "普通攻击造成的伤害提升24%/30%/36%/42%/48%。", "获取途径": "宝箱、宝箱（璃月）", "TAG": "普通攻击"}
{"武器名称": "钺矛", "类型": "长柄武器", "稀有度": "3", "基础属性1": "攻击力5.1%", "基础属性2": "基础攻击力40", "介绍": "在矛上增加斧刃的兵器，有不俗的破坏力。是千岩军军官青睐的武器。", "技能名称": "沉重", "效果介绍": "对普通攻击命中的敌人造成160%/200%/240%/280%/320%攻击力的额外伤害。该效果每10秒只能触发一次。", "获取途径": "宝箱", "TAG": "额外伤害"}
{"武器名称": "铁尖枪", "类型": "长柄武器", "稀有度": "2", "基础属性1": "无", "基础属性2": "基础攻击力33", "介绍": "一头有尖，可攻可守的护身武器。在旅者中非常流行。", "技能名称": "无", "效果介绍": "无", "获取途径": "宝箱、商店购买", "TAG": "无特点"}
{"武器名称": "新手长枪", "类型": "长柄武器", "稀有度": "1", "基础属性1": "无", "基础属性2": "基础攻击力23", "介绍": "笔直得像旗杆一般的长枪，挥舞起来颇具气势。足以应付大多数情况。", "技能名称": "无", "效果介绍": "无", "获取途径": "初始武器赠送、宝箱、商店购买", "TAG": "无特点"}
{"武器名称": "四风原典", "类型": "法器", "稀有度": "5", "基础属性1": "暴击率7.2%", "基础属性2": "基础攻击力46", "介绍": "崇信风的无名先民所写的教典珍本。数千年流传的信仰之力得到了风的青睐，饱含祝福与力量。", "技能名称": "无边际的眷顾", "效果介绍": "移动速度提高10%；在场上每4秒获得8%/10%/12%/14%/16%元素伤害加成。该效果最多叠加4层，角色倒下或离场后清空。", "获取途径": "祈愿", "TAG": "移动速度、元素伤害、层数叠加"}
{"武器名称": "不灭月华", "类型": "法器", "稀有度": "5", "基础属性1": "生命值10.8%", "基础属性2": "基础攻击力46", "介绍": "出自深海的美玉之环，闪烁着清澈如月的光泽，一如遥远往昔。", "技能名称": "白夜皓月", "效果介绍": "治疗加成提升10%/12.5%/15%/17.5%/20%；普通攻击造成的伤害增加，增加值为装备该武器的角色生命值上限的1%/1.5%/2%/2.5%/3%。在施放元素爆发后的12秒内，普通攻击命中敌人时恢复0.6点元素能量，每0.1秒至多通过这种方式恢复一次元素能量。", "获取途径": "限定祈愿", "TAG": "普通攻击、能量回复、生命值、治疗加成"}
{"武器名称": "尘世之锁", "类型": "法器", "稀有度": "5", "基础属性1": "攻击力10.8%", "基础属性2": "基础攻击力46", "介绍": "蕴含着某种悠远记忆的石锁，随着无穷的变换透露出其中的力量。", "技能名称": "金璋皇极", "效果介绍": "护盾强效提升20%/25%/30%/35%/40%。攻击命中后的8秒内，攻击力提升4%/5%/6%/7%/8%。该效果至多可叠加5层，每0.3秒只能触发一次。此外，处于护盾庇护下时，该效果的攻击力提升效果提高100%。", "获取途径": "限定祈愿", "TAG": "攻击力、护盾强效、层数叠加、护盾庇护"}
{"武器名称": "天空之卷", "类型": "法器", "稀有度": "5", "基础属性1": "攻击力7.2%", "基础属性2": "基础攻击力48", "介绍": "象征风龙与其主风之神的云图集。细致记载了北地天空的风与云，蕴含苍空与长风的力量。", "技能名称": "浮游四方的灵云", "效果介绍": "元素伤害加成提升12%/15%/18%/21%/24%；普通攻击命中时，有50%的概率获得高天流云的青睐，在15秒内主动攻击附近的敌人，造成等同于160%/200%/240%/280%/320%攻击力的伤害。该效果每30秒只能触发一次。（备注：快照锁面板，攻击6次，多本书可叠加）", "获取途径": "祈愿", "TAG": "攻击力、元素伤害、额外伤害"}
{"武器名称": "暗巷的酒与诗", "类型": "法器", "稀有度": "4", "基础属性1": "元素充能效率6.7%", "基础属性2": "基础攻击力44", "介绍": "过去贵族时代流行的歌谱，作者已无从考究。其中记载了某位侠盗的故事…", "技能名称": "变化万端", "效果介绍": "普通攻击命中敌人后，冲刺或替代冲刺的能力消耗的体力降低14%/16%/18%/20%/22%，持续5秒。此外，使用冲刺或替代冲刺的能力后，攻击力提升20%/25%/30%/35%/40%，持续5秒。", "获取途径": "限定祈愿", "TAG": "体力减免、攻击力"}
{"武器名称": "嘟嘟可故事集", "类型": "法器", "稀有度": "4", "基础属性1": "攻击力12%", "基础属性2": "基础攻击力41", "介绍": "一本封面华丽的童书，内容皆是童言无忌的短小故事，读之令人忍俊不住。即使业已成年的读者,读到书中天真无邪的冒险故事，也会忍不住神往吧。", "技能名称": "嘟嘟！大冒险", "效果介绍": "普通攻击命中敌人后的6秒内，重击造成的伤害提升16/20/24/28/32%;\n重击命中敌人后的6秒内，攻击力提升8/10/12/14/16%。", "获取途径": "活动", "TAG": "重击、攻击力"}
{"武器名称": "万国诸海图谱", "类型": "法器", "稀有度": "4", "基础属性1": "元素精通24", "基础属性2": "基础攻击力44", "介绍": "详尽记载了大陆周边海流气候的海图，是从异国经由商路流落到璃月的奇异典籍。", "技能名称": "注能之卷", "效果介绍": "触发元素反应后的10秒内，获得8%/10%/12%/14%/16%元素伤害加成，该效果最多可叠加2层", "获取途径": "锻造", "TAG": "元素伤害、层数叠加"}
{"武器名称": "昭心", "类型": "法器", "稀有度": "4", "基础属性1": "攻击力12.0%", "基础属性2": "基础攻击力41", "介绍": "幽暗的琉璃宝珠，传说中拥有洞察人心清白的力量。", "技能名称": "回响", "效果介绍": "普通攻击与重击命中时，有50%几率发射一枚昭心法球，造成240%/270%/300%/330%/360%攻击力伤害，至多在敌人之间弹射4次。该效果每12/11/10/9/8秒至多触发一次。", "获取途径": "祈愿", "TAG": "额外伤害"}
{"武器名称": "白辰之环", "类型": "法器", "稀有度": "4", "基础属性1": "元素充能效率6.7%", "基础属性2": "基础攻击力44", "介绍": "承载着过去的「狐斋宫」思念的法器。但她的思念之大，是无法完全装进这样小小的器物当中的。", "技能名称": "樱之斋宫", "效果介绍": "装备该武器的角色触发雷元素相关反应后，队伍中附近的与该元素反应相关的元素类型的角色，获得10%/12.5%/15%/17.5%/20%对应元素的元素伤害加成，持续6秒。通过这种方式，角色获得的元素伤害加成无法叠加。", "获取途径": "锻造、完成[影向祓fú行]可获得锻造图纸", "TAG": "雷、元素反应、伤害加成"}
{"武器名称": "黑岩绯玉", "类型": "法器", "稀有度": "4", "基础属性1": "暴击伤害12.0%", "基础属性2": "基础攻击力42", "介绍": "由黑岩制成的神秘法器，无常的赤色闪光仿佛大地深处的悸动同调", "技能名称": "乘胜追击", "效果介绍": "击败敌人后，攻击力提升12%/15%/18%/21%/24%，持续30秒。该效果至多叠加3层，每层持续时间独立。", "获取途径": "商城兑换", "TAG": "对象限制、层数叠加"}
{"武器名称": "祭礼残章", "类型": "法器", "稀有度": "4", "基础属性1": "元素精通48", "基础属性2": "基础攻击力41", "介绍": "经历漫长岁月的剧本，记载着的颂词和剧本已经无法辨认。被下了受时间之风侵蚀毁坏的诅咒。", "技能名称": "气定神闲", "效果介绍": "元素战技造成伤害时，有40%/50%/60%/70%/80%的概率重置该技能的冷却时间，该效果每30/26/22/19/16秒只能触发1次。", "获取途径": "祈愿", "TAG": "元素战技"}
{"武器名称": "试作金珀", "类型": "法器", "稀有度": "4", "基础属性1": "生命值9.0%", "基础属性2": "基础攻击力42", "介绍": "黑岩厂中秘藏的金珀法器。其中黯黯绽放着日月星光。", "技能名称": "炊金", "效果介绍": "施放元素爆发后6秒内，每2秒恢复4/4.5/5/5.5/6点元素能量，队伍中的所有角色每2秒恢复4%/4.5%/5%/5.5%/6%生命值。", "获取途径": "锻造", "TAG": "能量回复、生命回复"}
{"武器名称": "忍冬之果", "类型": "法器", "稀有度": "4", "基础属性1": "攻击力9.0%", "基础属性2": "基础攻击力42", "介绍": "具有某种冰冷意志的奇特果实，散发着微弱的苦涩气息。", "技能名称": "霜葬", "效果介绍": "普通攻击与重击命中敌人时，有60%/70%/80%/90/100%概率在敌人上方生成恒冰晶核并坠落，造成80%/95%/110%/125%/140%攻击力的范围伤害。若敌人处于冰元素影响下，则造成200%/240%/280%/320%/360%攻击力的伤害。该效果每10秒至多触发一次。", "获取途径": "锻造", "TAG": "额外伤害、冰"}
{"武器名称": "西风秘典", "类型": "法器", "稀有度": "4", "基础属性1": "元素充能效率10.0％", "基础属性2": "基础攻击力42", "介绍": "西风骑士团的学者间流传的秘典，记载着元素与物质的道理和力量。", "技能名称": "顺风而行", "效果介绍": "攻击造成暴击时，有60％/70％/80％/90％/100％的几率产生少量元素微粒，能为角色恢复6点元素能量。该效果每12/10.5/9/7.5/6秒只能触发一次", "获取途径": "祈愿", "TAG": "能量回复、自身限制"}
{"武器名称": "匣里日月", "类型": "法器", "稀有度": "4", "基础属性1": "暴击率6.0%", "基础属性2": "基础攻击力42", "介绍": "材质难解的暗金宝珠，饱含日月天地的光辉，脉动着温暖的力量。", "技能名称": "日月辉", "效果介绍": "普通攻击命中后的6秒内，元素战技与元素爆发的伤害提高20%/25%/30%/35%/40%；元素战技与元素爆发命中后的6秒内，普通攻击的伤害提高20%/25%/30%/35%/40%。", "获取途径": "纪行", "TAG": "元素战技、元素爆发、普通攻击"}
{"武器名称": "流浪乐章", "类型": "法器", "稀有度": "4", "基础属性1": "暴击伤害12.0％", "基础属性2": "基础攻击力42", "介绍": "记载着歌谱的厚重记事簿。尽管遭受了虫蛀和风化，残留的手迹仍透露出力量", "技能名称": "登场乐", "效果介绍": "角色登场时，随机获得一个主题曲，持续10秒。每30秒只能触发一次。宣叙调：攻击力提升60%/75%/90%/105%/120%；咏叹调：全元素伤害提升48%/60％/72%/84%/96%；间奏曲：元素精通提升240/300/360/420/480。", "获取途径": "祈愿", "TAG": "攻击力、元素伤害、元素精通"}
{"武器名称": "宗室秘法录", "类型": "法器", "稀有度": "4", "基础属性1": "攻击力6.0%", "基础属性2": "基础攻击力44", "介绍": "属于曾支配蒙德的贵族麾下的宫廷魔导师，其中记载的史话与法术同样翔实。", "技能名称": "专注", "效果介绍": "攻击造成伤害时，暴击率提升8%/10%/12%/14%/16%，最多堆叠5次。攻击造成暴击后，移除已有的专注效果。", "获取途径": "商城兑换", "TAG": "暴击率、层数叠加"}
{"武器名称": "异世界行记", "类型": "法器", "稀有度": "3", "基础属性1": "元素充能效率8.5%", "基础属性2": "基础攻击力39", "介绍": "廉价的幻想小说，不具备参考价值。作为法器的力量当然也来自幻想。", "技能名称": "能量沐浴", "效果介绍": "获得元素微粒或元素晶球时，恢复1%/1.25%/1.5%/1.75%/2%生命值。", "获取途径": "宝箱、（蒙德区域宝箱）", "TAG": "生命回复"}
{"武器名称": "讨龙英杰谭", "类型": "法器", "稀有度": "3", "基础属性1": "生命值7.7%", "基础属性2": "基础攻击力39", "介绍": "五名英雄踏上屠龙征途的虚构故事。文笔很差，结构散乱。失败的教训是这本书所拥有的伟大力量。", "技能名称": "传承", "效果介绍": "主动切换角色时，新登场的角色攻击力提升24%/30%/36%/42%/48%，持续10秒。该效果每20秒只能触发一次。", "获取途径": "祈愿", "TAG": "攻击力"}
{"武器名称": "魔导绪论", "类型": "法器", "稀有度": "3", "基础属性1": "元素精通41", "基础属性2": "基础攻击力38", "介绍": "第十二版。结合时代发展加注了新内容，并修订了第十一版的错别字。", "技能名称": "止水息雷", "效果介绍": "对处于水元素或雷元素影响下的敌人，造成的伤害提高12%/15%/18%/21%/24%.", "获取途径": "祈愿", "TAG": "水、雷、伤害加成"}
{"武器名称": "甲级宝珏", "类型": "法器", "稀有度": "3", "基础属性1": "暴击率3.4%", "基础属性2": "基础攻击力40", "介绍": "两块玉石拼成的精致玉佩。", "技能名称": "奔袭战术", "效果介绍": "击败敌人后的15秒内，移动速度和攻击力提升12%/14%/16%/18%/20%。", "获取途径": "宝箱、（璃月区域宝箱）", "TAG": "攻击力、移动速度"}
{"武器名称": "翡玉法球", "类型": "法器", "稀有度": "3", "基础属性1": "元素精通20", "基础属性2": "基础攻击力40", "介绍": "由璃月北郊绝云间出产的硬玉雕琢而成的法器。小巧轻盈，经久耐用，江湖人称「翡玉丸」。", "技能名称": "激流", "效果介绍": "触发蒸发、感电、冰冻、或水元素扩散反应后的12秒内，攻击力提高20%/25%/30%/35%/40%。", "获取途径": "祈愿", "TAG": "元素反应、攻击力、水"}
{"武器名称": "口袋魔导书", "类型": "法器", "稀有度": "2", "基础属性1": "无", "基础属性2": "基础攻击力33", "介绍": "精心编纂，只留下考试重点的魔导参考小册。", "技能名称": "无", "效果介绍": "无", "获取途径": "宝箱、商店购买", "TAG": "无特点"}
{"武器名称": "学徒笔记", "类型": "法器", "稀有度": "1", "基础属性1": "无", "基础属性2": "基础攻击力23", "介绍": "某个优等生留下的学习笔记，娟秀的字迹非常好看。记录了不少实用的咒语。", "技能名称": "无", "效果介绍": "无", "获取途径": "初始武器赠送、宝箱、商店购买", "TAG": "无特点"}
{"武器名称": "终末嗟叹之诗", "类型": "弓", "稀有度": "5", "基础属性1": "元素充能效率12.0%", "基础属性2": "基础攻击力46", "介绍": "如同诗人的乐器一般优美的弓，放出的箭矢如同叹息声一般穿透人心。", "技能名称": "离别的思念之歌", "效果介绍": "飘游风中的「千年的大乐章」的一部分。元素精通提高60/75/90/105/120点；元素战技或元素爆发命中敌人时，角色获得一枚追思之符，每0.2秒内至多触发一次，角色处于队伍后台也能触发。拥有4枚追思之符时，将消耗所有追思之符，使附近的队伍中所有角色获得持续12秒的「千年的大乐章·别离之歌」效果：元素精通提高100/125/150/175/200点，攻击力提升20%/25%/30%/35%/40%。触发后20秒内，无法再次获得追思之符。「千年的大乐章」触发的多种数值效果中，同类数值效果不可叠加。", "获取途径": "限定祈愿", "TAG": "元素精通、攻击力、层数叠加"}
{"武器名称": "阿莫斯之弓", "类型": "弓", "稀有度": "5", "基础属性1": "攻击力10.8%", "基础属性2": "基础攻击力46", "介绍": "极为古老的弓。即使原主不复存在，其中蕴藏之力依旧—那种力量无主,却在万物当中。距离心系之物越是遥远，那种力量愈是剧烈。", "技能名称": "矢志不忘", "效果介绍": "·普通攻击和重击造成的伤害提升12%/15%/18%/21%/24%;箭矢发射后每经过0.1秒，伤害还会提升8%/10%/12%/14%/16%。至多提升5次。", "获取途径": "祈愿", "TAG": "普通攻击、重击、伤害加成、层数叠加"}
{"武器名称": "天空之翼", "类型": "弓", "稀有度": "5", "基础属性1": "暴击率4.8%", "基础属性2": "基础攻击力48", "介绍": "象征风龙身为风之神眷属的大弓。释弦时的鸣声是风之神的偏爱，蕴含苍空与长风的力量。", "技能名称": "回响长天的诗歌", "效果介绍": "暴击伤害提高20%/25%/30%/35%/40%；攻击命中时有60%/70%/80%/90%/100%概率造成125%攻击力的小范围物理伤害，该效果每4秒/3.5秒/3秒/2.5秒/2秒只能触发一次。", "获取途径": "祈愿", "TAG": "暴击伤害、额外伤害"}
{"武器名称": "冬极白星", "类型": "弓", "稀有度": "5", "基础属性1": "暴击率7.2%", "基础属性2": "基础攻击力46", "介绍": "如同深冬坚冰一样尖锐的无垢之弓。", "技能名称": "极昼的先兆者", "效果介绍": "元素战技和元素爆发造成的伤害提高12%/15%/18%/21%/24%；普通攻击、重击、元素战技或元素爆发命中敌人后，将产生1层持续12秒的「白夜极星」效果。处于1/2/3/4层「白夜极星」效果下时，攻击力将提高(10/20/30/48%)/‌(12.5/25/37.5/60%)/‌(15/30/45/72%)/‌(17.5/35/52.5/84%)/‌(20/40/60/96%)。由普通攻击、重击、元素战技或元素爆发产生的「白夜极星」将分别独立存在。", "获取途径": "限定祈愿", "TAG": "伤害加成、攻击力"}
{"武器名称": "飞雷之弦振", "类型": "弓", "稀有度": "5", "基础属性1": "暴击伤害14.4%", "基础属性2": "基础攻击力46", "介绍": "曾由将军御赐的长弓，闪烁着永不熄灭的雷光。", "技能名称": "飞雷御执", "效果介绍": "攻击力提高20%/25%/30%/35%/40%，并能获得「飞雷之巴印」的威势。飞雷之巴印：持有1/2/3层飞雷之巴印时，普通攻击造成的伤害提高(12/24/40%)/‌(15/30/50%)/‌(18/36/60%)/‌(21/42/70%)/‌(24/48/80%)。在下列情况下，角色将各获得1层飞雷之巴印：普通攻击造成伤害时，持续5秒；施放元素战技时，持续10秒；此外，角色元素能量低于100%时，将获得1层飞雷之巴印，此飞雷之巴印会在角色的元素能量充满时消失。每层飞雷之巴印的持续时间独立计算。", "获取途径": "限定祈愿", "TAG": "普通攻击、伤害加成、层数叠加"}
{"武器名称": "宗室长弓", "类型": "弓", "稀有度": "4", "基础属性1": "攻击力9.0%", "基础属性2": "基础攻击力42", "介绍": "曾支配蒙德的旧日贵族的长弓。经过世代，弓弦仍十分有力，击发迅猛。", "技能名称": "专注", "效果介绍": "攻击造成伤害时，暴击率提升8%/10%/12%/14%/16%，最多堆叠5次。攻击造成暴击后，移除已有的专注效果。", "获取途径": "商城兑换", "TAG": "暴击率、层数叠加"}
{"武器名称": "试作澹月", "类型": "弓", "稀有度": "4", "基础属性1": "攻击力9.0%", "基础属性2": "基础攻击力42", "介绍": "黑岩厂中秘藏的原型长弓。放矢之姿有如透过薄暮的月光。", "技能名称": "离簇不归", "效果介绍": "瞄准射击时，若命中要害，则提升10%移动速度与36%/45%/54%/63%/72%攻击力，持续10秒。", "获取途径": "锻造", "TAG": "攻击力、移动速度、对象限制"}
{"武器名称": "黑岩战弓", "类型": "弓", "稀有度": "4", "基础属性1": "暴击伤害8.0%", "基础属性2": "基础攻击力44", "介绍": "以黑岩塑成的弓。弓臂坚硬无比,只有膂力绝人的弓手才能尽心所欲地使用。", "技能名称": "乘胜追击", "效果介绍": "击败敌人后,攻击力提升12%/15%/18%/21%/24%,持续30秒。该效果至多叠加3层,每层持续时间独立。", "获取途径": "商城兑换", "TAG": "对象限制、层数叠加"}
{"武器名称": "弓藏", "类型": "弓", "稀有度": "4", "基础属性1": "攻击力9.0%", "基础属性2": "基础攻击力42", "介绍": "布满锈迹的铁造大弓，一般人根本拿不动，遑论引弓放矢。", "技能名称": "速射弓斗", "效果介绍": "普通攻击伤害提升40%/50%/60%/70%/80%，重击伤害下降10%。", "获取途径": "祈愿", "TAG": "普通攻击、伤害加成、负面效果、重击、（将瞄准射击视为重击进行分类）"}
{"武器名称": "西风猎弓", "类型": "弓", "稀有度": "4", "基础属性1": "元素充能效率13.3％", "基础属性2": "基础攻击力41", "介绍": "西风骑士团的制式反曲弓，只有杰出的弓手能与它的杰出性能相衬。", "技能名称": "顺风而行", "效果介绍": "攻击造成暴击时，有60%/70%/80%/90%/100%的几率产生少量元素微粒，能为角色恢复6点元素能量。该效果每12/10.5/9/7.5/6秒只能触发一次。", "获取途径": "祈愿、任务、（巨龙与自由之歌）", "TAG": "能量回复、自身限制"}
{"武器名称": "钢轮弓", "类型": "弓", "稀有度": "4", "基础属性1": "物理伤害加成15.0%", "基础属性2": "基础攻击力41", "介绍": "以金属制成，用滑轮引弦的复合弓，来自异国。护养极其困难，但引弓轻松，威力惊人。", "技能名称": "注能之矢", "效果介绍": "普通攻击和瞄准攻击命中时，提升4%/5%/6%/7%/8%攻击力与1.2%/1.5%/1.8%/2.1%/2.4%普通攻击速度。该效果持续6秒，最多可以叠加4层，每0.3秒只能触发一次。", "获取途径": "锻造", "TAG": "物理伤害、攻击力、攻击速度、层数叠加"}
{"武器名称": "幽夜华尔兹", "类型": "弓", "稀有度": "4", "基础属性1": "物理伤害加成11.3%", "基础属性2": "基础攻击力42", "介绍": "有着如同罪与幻想之夜一般颜色的弓。", "技能名称": "极夜二重奏", "效果介绍": "普通攻击命中敌人后的5秒内，元素战技造成的伤害提升20%/25%/30%/35%/40%；元素战技命中敌人后的5秒内，普通攻击造成的伤害提升20%/25%/30%/35%/40%。", "获取途径": "限定祈愿", "TAG": "物理伤害加成、普通攻击、元素战技"}
{"武器名称": "风花之颂", "类型": "弓", "稀有度": "4", "基础属性1": "元素精通36", "基础属性2": "基础攻击力42", "介绍": "点缀以无名花朵的弓，承载着同样无名之人的殷切希望。", "技能名称": "风花之愿", "效果介绍": "施放元素战技时，获得风之花的悠古愿望加持，攻击力提升16%/20%/24%/28%/32%，持续6秒", "获取途径": "活动", "TAG": "攻击力、元素战技"}
{"武器名称": "绝弦", "类型": "弓", "稀有度": "4", "基础属性1": "元素精通36", "基础属性2": "基础攻击力42", "介绍": "曾经作为乐器大放异彩的弓。如今已经不再能令人起舞", "技能名称": "无矢之歌", "效果介绍": "元素战技与元素爆发的伤害提高24％/30%/36%/42%/48%。", "获取途径": "祈愿", "TAG": "元素战技，元素爆发、伤害加成"}
{"武器名称": "苍翠猎弓", "类型": "弓", "稀有度": "4", "基础属性1": "暴击率6.0%", "基础属性2": "基础攻击力42", "介绍": "高洁的青绿猎弓，曾属于在林间狩猎的某人。", "技能名称": "苍翠之风", "效果介绍": "普通攻击与重击命中时，有50%几率生成一个风之眼，持续吸引周围敌人，并对其中的敌人每0.5秒造成40%/50%/60%/70%/80%攻击力的伤害。该效果持续4秒，每14/13/12/11/10秒至多触发一次。", "获取途径": "纪行", "TAG": "额外伤害、控制"}
{"武器名称": "掠食者", "类型": "弓", "稀有度": "4", "基础属性1": "攻击力9.0%", "基础属性2": "基础攻击力42", "介绍": "设计风格相当独特的弓。应该不属于这个世界。", "技能名称": "强力攻击", "效果介绍": "·仅在“PlayStation NetWork”游玩时生效。\n·对敌人造成冰元素伤害后，普通攻击与重击造成的伤害提高10%，效果持续6秒，至多叠加2次；此外，埃洛伊装备掠食者时，攻击力提升66点。", "获取途径": "2.1版本更新完后，旅行者通过PlayStation平台登录游戏，可在冒险等阶达到20级后，通过游戏内邮件免费获得该武器。", "TAG": "自身限制、攻击力、层数叠加、普通攻击、重击"}
{"武器名称": "祭礼弓", "类型": "弓", "稀有度": "4", "基础属性1": "元素充能效率6.7％", "基础属性2": "基础攻击力44", "介绍": "在漫长岁月中石化的道具猎弓，上面的仪式性装饰依然清晰可见。拥有受时间之风冲刷的祝福力量", "技能名称": "气定神闲", "效果介绍": "元素战技造成伤害时，有40％/50%/60%/70%/80%的概率重置该技能的冷却时间，该效果每30/26/22/19/16秒只能触发一次。", "获取途径": "祈愿", "TAG": "元素战技"}
{"武器名称": "暗巷猎手", "类型": "弓", "稀有度": "4", "基础属性1": "攻击力6%", "基础属性2": "基础攻击力44", "介绍": "外形精巧奢华的长弓，曾属于某位从未被抓获的义贼。", "技能名称": "街巷伏击", "效果介绍": "装备该武器的角色处于队伍后台时，每1秒角色造成的伤害提升2%/2.5%/3%/3.5%/4%,最多通过这种方式获得20%/25%/30%/35%/40%的伤害提升；在场上超过4秒后，上述伤害提升效果每1秒会流失4%/5%/6%/7%/8%，直到降低至0%。", "获取途径": "限定祈愿", "TAG": "伤害加成、层数叠加、对象限制"}
{"武器名称": "破魔之弓", "类型": "弓", "稀有度": "4", "基础属性1": "攻击力12%", "基础属性2": "基础攻击力41", "介绍": "曾经属于某个巫女【浅濑响】的战弓。以优越的技法打造，精巧而耐用。", "技能名称": "浅濑之弭", "效果介绍": "普通攻击造成的伤害提升16%/20%/24%/28%/32%，重击造成的伤害提升12%/15%/18%/21%/24%。当装备该武器的角色元素能量等于100%时，这个效果提升100%。", "获取途径": "锻造、奇怪的海螺兑换阿敬的宝箱大奖可获得锻造图纸", "TAG": "普通攻击、重击、自身限制"}
{"武器名称": "弹弓", "类型": "弓", "稀有度": "3", "基础属性1": "暴击率6.8%", "基础属性2": "基础攻击力38", "介绍": "其实就是一把弓。在无数的改进和实验中，发明出究极弹弓的人发现自己做了一把弓。", "技能名称": "弹弓", "效果介绍": "普通攻击和瞄准射击时，箭矢若在发射后的0.3秒内击中敌人，则造成的伤害增加36%/42%/48%/54%/60%；否则，造成的伤害下降10%。", "获取途径": "祈愿、宝箱", "TAG": "伤害加成、负面效果"}
{"武器名称": "信使", "类型": "弓", "稀有度": "3", "基础属性1": "暴击伤害6.8%", "基础属性2": "基础攻击力40", "介绍": "造型简单的木制弓。传说它曾被人用作远程通讯的道具。", "技能名称": "飞矢传书", "效果介绍": "瞄准射击时，若命中要害，则额外造成100%/125%/150%/175%/200%攻击力的伤害，该伤害必定暴击。此效果每10秒只能触发一次。", "获取途径": "蒙德宝箱", "TAG": "对象限制、额外伤害"}
{"武器名称": "鸦羽弓", "类型": "弓", "稀有度": "3", "基础属性1": "元素精通20", "基础属性2": "基础攻击力40", "介绍": "相传渡鸦是死的使者。将鸦羽装饰在弓臂上，射出的每一箭都宣告着猎物的终末。", "技能名称": "踏火止水", "效果介绍": "对处于火元素或水元素影响下的敌人，造成的伤害提高12%/15%/18%/21%/24%。", "获取途径": "祈愿", "TAG": "火、水、伤害加成"}
{"武器名称": "神射手之誓", "类型": "弓", "稀有度": "3", "基础属性1": "暴击伤害10.2%", "基础属性2": "基础攻击力39", "介绍": "据说曾属于技艺高强的射手，是一把上好的弓。因为散发出强烈的气息，难以用于狩猎。", "技能名称": "精准", "效果介绍": "针对要害造成的伤害提升24%/30%/36%/42%/48%。", "获取途径": "祈愿", "TAG": "对象限制、伤害加成"}
{"武器名称": "历练的猎弓", "类型": "弓", "稀有度": "2", "基础属性1": "无", "基础属性2": "基础攻击力33", "介绍": "饱经磨练又精心护养的弓，经历了漫长的岁月。仿佛会主动配合射手的动作一般好使。", "技能名称": "无", "效果介绍": "无", "获取途径": "宝箱、商店购买", "TAG": "无特点"}
{"武器名称": "狼的末路", "类型": "双手剑", "稀有度": "5", "基础属性1": "攻击力10.8%", "基础属性2": "基础攻击力46", "介绍": "狼的骑士所使的大剑。原本只是城中铁匠赠予的厚重的铁片，却在他与狼的情谊中，获得神话般的力量。", "技能名称": "如狼般狩猎者", "效果介绍": "攻击力提高20%/25%/30%/35%/40%；攻击命中生命值低于30%的敌人时，队伍中所有成员的攻击力提高40%/50%/60%/70%/80%，持续12秒。该效果30秒只能触发一次。", "获取途径": "祈愿", "TAG": "攻击力、对象限制"}
{"武器名称": "松籁响起之时", "类型": "双手剑", "稀有度": "5", "基础属性1": "物理伤害加成4.5%", "基础属性2": "基础攻击力49", "介绍": "如同翻弄草木的息吹一般轻盈的大剑,如同吹倒树木的飓风一般摧枯拉朽的武器。", "技能名称": "揭旗的叛逆之歌", "效果介绍": "飘游风中的「千年的大乐章」的一部分。攻击力提升16%/20%/24%/28%/32%；普通攻击或重击命中敌人时，角色获得一枚低语之符，每0.3秒内至多触发一次。拥有4枚低语之符时，将消耗所有低语之符，使附近队伍中所有角色获得持续12秒的「千年的大乐章·揭旗之歌」效果：普通攻击速度提升12%/15%/18%/21%/24%，攻击力提升20%/25%/30%/35%/40%。触发后20秒内，无法再次获得低语之符。「千年的大乐章」触发的多种数值效果中，同类数值效果不可叠加。", "获取途径": "限定祈愿", "TAG": "物理伤害加成、攻击力、攻击速度"}
{"武器名称": "天空之傲", "类型": "双手剑", "稀有度": "5", "基础属性1": "元素充能效率8%", "基础属性2": "基础攻击力48", "介绍": "象征风龙的骄傲广布长空的双手剑。挥舞时的低吟是风龙的气势，蕴含苍空与长风的力量。", "技能名称": "斩裂晴空的龙脊", "效果介绍": "造成的伤害提高8%/10%/12%/14%/16%;施放元素爆发后，普通攻击和重击命中时会发出真空刃，对路径上的敌人造成80%/100%/120%/140%/160%攻击力的伤害，持续20秒或直至发出8次真空刃。", "获取途径": "祈愿", "TAG": "伤害加成、额外伤害"}
{"武器名称": "黑岩斩刀", "类型": "双手剑", "稀有度": "4", "基础属性1": "暴击伤害12.0%", "基础属性2": "基础攻击力42", "介绍": "坚韧无比的黑岩大刀,通体皆为玄赤之色", "技能名称": "乘胜追击", "效果介绍": "击败敌人后,攻击力提升12%/15%/18%/21%/24%,持续30秒。该效果至多叠加3层，每层持续时间独立。", "获取途径": "商城兑换", "TAG": "对象限制、层数叠加"}
{"武器名称": "反曲弓", "类型": "弓", "稀有度": "3", "基础属性1": "生命值10.2%", "基础属性2": "基础攻击力38", "介绍": "据说能射下苍鹰的猎弓，但能不能做到主要还得看弓手的技术。", "技能名称": "收割", "效果介绍": "击败敌人时，恢复8%/10%/12%/14%/16%生命值。", "获取途径": "宝箱", "TAG": "生命回复、对象限制"}
{"武器名称": "猎弓", "类型": "弓", "稀有度": "1", "基础属性1": "无", "基础属性2": "基础攻击力23", "介绍": "猎手演奏的音乐由两种音色组成。弓弦颤动的声音，和羽箭破空的低啸。", "技能名称": "无", "效果介绍": "无", "获取途径": "初始武器赠送、宝箱、商店购买", "TAG": "无特点"}
{"武器名称": "无工之剑", "类型": "双手剑", "稀有度": "5", "基础属性1": "攻击力10.8%", "基础属性2": "基础攻击力46", "介绍": "能靖祛妖魔奸佞，仿佛有神威的无锋大剑", "技能名称": "金璋皇极", "效果介绍": "护盾强效提升20%/25%/30%/35%/40%。攻击命中后的8秒内，攻击力提升4%/5%/6%/7%/8%。该效果至多可叠加5层，每0.3秒只能触发一次。此外，处于护盾庇护下时，该效果的攻击力提升效果提高100%。", "获取途径": "限定祈愿", "TAG": "攻击力、护盾强效、层数叠加、护盾庇护"}
{"武器名称": "祭礼大剑", "类型": "双手剑", "稀有度": "4", "基础属性1": "元素充能效率6.7%", "基础属性2": "基础攻击力44", "介绍": "在漫长岁月中石化的道具大剑，上面的仪式性装饰依然清晰可见。拥有受时间之风冲刷的祝福力量。", "技能名称": "气定神闲", "效果介绍": "元素战技造成伤害时，有40%/50%/60%/70%/80%概率重置该技能的冷却时间，该效果每30/26/22/19/16秒只能触发一次。", "获取途径": "祈愿", "TAG": "元素战技"}
{"武器名称": "宗室大剑", "类型": "双手剑", "稀有度": "4", "基础属性1": "攻击力6.0%", "基础属性2": "基础攻击力44", "介绍": "曾支配蒙德的旧日贵族的大剑，用料极佳，历久犹弥新。是贵族的战斗兵器。", "技能名称": "专注", "效果介绍": "攻击造成伤害时，暴击率提升8%/10%/12%/14%/16%，最多堆叠5次。攻击造成暴击后，移除已有的专注效果。", "获取途径": "商城兑换", "TAG": "暴击率、层数叠加"}
{"武器名称": "雨裁", "类型": "双手剑", "稀有度": "4", "基础属性1": "元素精通36", "基础属性2": "基础攻击力42", "介绍": "散发着黯淡荧光的无锋大剑，纯粹以气势\n和力量碾碎敌人", "技能名称": "止水息雷", "效果介绍": "对处于水元素或雷元素影响下的敌人，造成的伤害提高20％/24%/28%/32%/36%。", "获取途径": "祈愿", "TAG": "伤害加成、水、雷"}
{"武器名称": "白影剑", "类型": "双手剑", "稀有度": "4", "基础属性1": "防御力11.3%", "基础属性2": "基础攻击力42", "介绍": "剑身上有一面未开刃的异国大剑，经商路流落到璃月。在了解它的人手里，破坏力极可观。", "技能名称": "注能之锋", "效果介绍": "普通攻击和重击命中后，攻击力和防御力提高6%/7.5%/9%/10.5%/12%。该效果持续6秒，最多叠加4层，每0.5秒只能触发一次。", "获取途径": "锻造", "TAG": "防御力、攻击力、层数叠加"}
{"武器名称": "衔珠海皇", "类型": "双手剑", "稀有度": "4", "基础属性1": "攻击力12%", "基础属性2": "基础攻击力41", "介绍": "海中的大王。经过风干，是趁手的兵器以及应急食品。", "技能名称": "海洋的胜利", "效果介绍": "元素爆发造成的伤害提升12%/15%/18%/21%/24%。元素爆发命中敌人时，有100%概率召唤大鲔冲击，造成100%/125%/150%/175%/200%攻击力的范围伤害。该效果每15秒至多触发一次。", "获取途径": "活动", "TAG": "元素爆发、额外伤害"}
{"武器名称": "恶王丸", "类型": "双手剑", "稀有度": "4", "基础属性1": "攻击力9.0%", "基础属性2": "基础攻击力42", "介绍": "传说中「恶王」的爱刀，刀身庞大雄伟，但挥舞起来却出乎意料地轻便。", "技能名称": "驭浪的海祇民", "效果介绍": "队伍中所有角色的元素能量上限的总和，每1点能使装备此武器的角色的元素爆发造成的伤害提高0.12%/0.15%/0.18%/0.21%/0.24%，通过这种方式，元素爆发造成的伤害至多提高40%/50%/60%/70%/80%。", "获取途径": "限定祈愿", "TAG": "元素爆发"}
{"武器名称": "千岩古剑", "类型": "双手剑", "稀有度": "4", "基础属性1": "攻击力9.0%", "基础属性2": "基础攻击力42", "介绍": "以璃月的基岩为原料削凿成的厚重大剑。", "技能名称": "千岩诀·同心", "效果介绍": "队伍中每有一位璃月角色，装备该武器的角色便获得7%/8%/9%/10%/11%攻击力提升与3%/4%/5%/6%/7%暴击率提升。至多获得4层提升效果。", "获取途径": "限定祈愿", "TAG": "攻击力、暴击率"}
{"武器名称": "钟剑", "类型": "双手剑", "稀有度": "4", "基础属性1": "生命值9.0%", "基础属性2": "基础攻击力42", "介绍": "装有时钟的厚重大剑，其中的计时机关早已被破坏。", "技能名称": "叛逆的守护者", "效果介绍": "受到伤害时，生成一个伤害吸收等同于生命上限20%/23%/26%/29%/32%的护盾，持续10秒或者直到护盾失效，每45秒只能触发一次。角色处于护盾庇护下时，造成的伤害提升12%/15%/18%/21%/24%。", "获取途径": "祈愿", "TAG": "护盾、护盾庇护、伤害加成"}
{"武器名称": "桂木斩长正", "类型": "双手剑", "稀有度": "4", "基础属性1": "元素充能效率10.0%", "基础属性2": "基础攻击力42", "介绍": "过去在踏鞴砂打造的刀，沉重而坚韧。", "技能名称": "名士振舞", "效果介绍": "元素战技造成的伤害提升6%/7.5%/9%/10.5%/12%。元素战技命中后，角色流失3点元素能量，并在此后的6秒内，每2秒恢复3/3.5/4/4.5/5点元素能量。该效果每10秒至多触发一次，角色处于队伍后台也能触发。", "获取途径": "锻造、完成踏鞴物语任务後蒐集三把钥匙", "TAG": "能量回复"}
{"武器名称": "西风大剑", "类型": "双手剑", "稀有度": "4", "基础属性1": "元素充能效率13.3%", "基础属性2": "基础攻击力41", "介绍": "西风骑士团的重型仪式剑。能轻易导出元素力量，具有卓越的破坏力。", "技能名称": "顺风而行", "效果介绍": "攻击造成暴击时，有60%/70%/80%/90%/100%的几率产生少量元素微粒，能为角色恢复6点元素能量。该效果每12/10.5/9/7.5/6秒只能触发一次。", "获取途径": "祈愿", "TAG": "能量回复、自身限制"}
{"武器名称": "试作古华", "类型": "双手剑", "稀有度": "4", "基础属性1": "攻击力6.0%", "基础属性2": "基础攻击力44", "介绍": "黑岩厂中秘藏的古老大刀。挥舞时，仿佛连空间本身也要被一刀两断。", "技能名称": "粉碎", "效果介绍": "普通攻击和重击命中时，有50%的概率对小范围内的敌人造成240%/300%/360%/420%/480%攻击力的额外伤害。该效果每15秒只能触发一次。", "获取途径": "锻造", "TAG": "额外伤害"}
{"武器名称": "雪葬的星银", "类型": "双手剑", "稀有度": "4", "基础属性1": "物理伤害加成7.5%", "基础属性2": "基础攻击力44", "介绍": "储存在壁画之间的古老大剑。由星银铸成，似乎拥有斩开冰雪的力量。", "技能名称": "霜葬", "效果介绍": "普通攻击与重击命中敌人时，有60%/70%/80%/90%/100%概率在敌人上方生成恒冰晶核并坠落，造成80%/95%/110%/125%/140%攻击力的范围伤害。若敌人处于冰元素影响下，则造成200%/240%/280%/320%/360%攻击力的伤害。该效果每10秒至多触发一次。", "获取途径": "锻造、任务", "TAG": "额外伤害、冰"}
{"武器名称": "螭骨剑", "类型": "双手剑", "稀有度": "4", "基础属性1": "暴击率6.0%", "基础属性2": "基础攻击力42", "介绍": "来自古代大海的稀有兵器，舞剑猎猎宛如太古的涛声。", "技能名称": "破浪", "效果介绍": "角色在场上时，每4秒提升6%/7%/8%/9%/10%造成的伤害，3%/2.7%/2.4%/2.2%/2%受到的伤害。该效果最多叠加5层，不随角色退场重置，受到伤害后会减少1层效果", "获取途径": "纪行", "TAG": "层数叠加、伤害加成、负面效果"}
{"武器名称": "以理服人", "类型": "双手剑", "稀有度": "3", "基础属性1": "攻击力7.7%", "基础属性2": "基础攻击力39", "介绍": "精钢打造的趁手大铁棒子，最好的理论依据。", "技能名称": "有话直说", "效果介绍": "施放元素战技后，普通攻击和重击命中时会在小范围内额外造成60%/75%/90%/105%/120%攻击力的伤害。该效果持续15秒，伤害每3秒只能触发一次。", "获取途径": "祈愿、宝箱", "TAG": "额外伤害"}
{"武器名称": "飞天大御剑", "类型": "双手剑", "稀有度": "3", "基础属性1": "物理伤害加成9.6%", "基础属性2": "基础攻击力39", "介绍": "可靠的大剑。传说著名的「御剑公子」曾试图借助它二度飞天。", "技能名称": "勇气", "效果介绍": "普通攻击和重击命中时，攻击力提高6%/7%/8%/9%/10%，持续6秒，最多叠加4层，该效果每0.5秒只能触发一次。", "获取途径": "孤云阁附近拔出、宝箱", "TAG": "攻击力、层数叠加"}
{"武器名称": "沐浴龙血的剑", "类型": "双手剑", "稀有度": "3", "基础属性1": "元素精通41", "基础属性2": "基础攻击力38", "介绍": "据说是北方英雄浸过龙血的钢铁大剑，有刀枪不入的神力...这种护佑并不会延伸到挥舞它的人身上。", "技能名称": "踏火息雷", "效果介绍": "对处于火元素或雷元素影响下的敌人，造成的伤害提高12%/15%/18%/21%/24%。", "获取途径": "祈愿", "TAG": "火、雷、伤害加成"}
{"武器名称": "铁影阔剑", "类型": "双手剑", "稀有度": "3", "基础属性1": "生命值7.7%", "基础属性2": "基础攻击力39", "介绍": "这把剑是著名的光之狮艾伦德林的佩剑的仿品。握紧它，感受传说中大英雄的力量吧!注意:幻想请适度。", "技能名称": "不屈", "效果介绍": "生命值低于70%/75%/80%/85%/90%时，重击不会轻易被打断，并提高30%/35%/40%/45%/50%重击伤害。", "获取途径": "祈愿", "TAG": "自身限制、重击"}
{"武器名称": "白铁大剑", "类型": "双手剑", "稀有度": "3", "基础属性1": "防御力9.6%", "基础属性2": "基础攻击力39", "介绍": "白铁锻成的双手剑，兼顾了重量与强度。即使臂力一般的人也能舞得生风，在力量强大者手中更是威力无穷。", "技能名称": "收割", "效果介绍": "击败敌人时，恢复8%/10%/12%/14%/16%生命值。", "获取途径": "蒙德宝箱", "TAG": "生命回复、对象限制"}
{"武器名称": "佣兵重剑", "类型": "双手剑", "稀有度": "2", "基础属性1": "无", "基础属性2": "基础攻击力33", "介绍": "沉重坚实的古旧大剑，饱经战火与岁月的洗练。", "技能名称": "无", "效果介绍": "无", "获取途径": "宝箱、商店购买", "TAG": "无特点"}
{"武器名称": "训练大剑", "类型": "双手剑", "稀有度": "1", "基础属性1": "无", "基础属性2": "基础攻击力23", "介绍": "仅仅是削出剑形的厚重铁片。在意志强韧的人手里，也有劈开磐石的力量。", "技能名称": "无", "效果介绍": "无", "获取途径": "初始武器赠送、宝箱、商店购买", "TAG": "无特点"}
{"武器名称": "磐岩结绿", "类型": "单手剑", "稀有度": "5", "基础属性1": "暴击率9.6%", "基础属性2": "基础攻击力44", "介绍": "由纯净的翠玉精琢细雕而成的仪礼宝剑，挥舞时剑风中似有叹息之声。", "技能名称": "护国的无垢之心", "效果介绍": "生命值提升20%/25%/30%/35%/40%。此外，基于装备该武器的角色生命值上限的1.2%/1.5%/1.8%/2.1%/2.4%,获得攻击力加成。", "获取途径": "限定祈愿", "TAG": "攻击力、生命值"}
{"武器名称": "斫峰之刃", "类型": "单手剑", "稀有度": "5", "基础属性1": "攻击力10.8%", "基础属性2": "基础攻击力46", "介绍": "传说中象征着某一则特定契约的利刃，曾经斩落过山岳的尖端", "技能名称": "金璋皇极", "效果介绍": "护盾强效提升20%/25%/30%/35%/40%。攻击命中后的8秒内，攻击力提升4%/5%/6%/7%/8%。该效果至多可叠加5层，每0.3秒只能触发一次。此外，处于护盾庇护下时，该效果的攻击力提升效果提高100%。", "获取途径": "限定祈愿", "TAG": "攻击力、护盾强效、层数叠加、护盾庇护"}
{"武器名称": "雾切之回光", "类型": "单手剑", "稀有度": "5", "基础属性1": "暴击伤害9.6%", "基础属性2": "基础攻击力48", "介绍": "闪烁着凄烈紫光的太刀。名之为「回光」是因为一度破碎的过去。", "技能名称": "雾切御腰物", "效果介绍": "获得12%/15%/18%/21%/24%所有元素伤害加成，并能获得「雾切之巴印」的威势。雾切之巴印：持有1/2/3层雾切之巴印时，获得(8%/16/28%)/‌(10%/20%/35%)/‌(12%/24%/42%)/‌(14%/28%/49%)/‌(16%/32%/56%)自己的元素类型的元素伤害加成。在下列情况下，角色将各获得1层雾切之巴印：普通攻击造成元素伤害时，持续5秒；施放元素爆发时，持续10秒；此外，角色元素能量低于100%时，将获得1层雾切之巴印，此雾切之巴印会在角色的元素能量充满时消失。每层雾切之巴印的持续时间独立计算。", "获取途径": "限定祈愿", "TAG": ""}
{"武器名称": "天空之刃", "类型": "单手剑", "稀有度": "5", "基础属性1": "元素充能效率12.0%", "基础属性2": "基础攻击力46", "介绍": "象征风龙的荣誉的骑士剑，如今失而复得。剑脊上吹息着风之神的赐福，蕴含着苍空与长风的力量", "技能名称": "穿刺高天的利齿", "效果介绍": "暴击率提升4%/5%/6%/7%/8%；施放元素爆发时，获得破空之势：移动速度提升10%，攻击速度提升10%，普通攻击与重击命中时，额外造成20%/25%/30%/35%/40%攻击力的伤害，持续12秒。", "获取途径": "祈愿", "TAG": "暴击率、移动速度、攻击速度、额外伤害"}
{"武器名称": "风鹰剑", "类型": "单手剑", "稀有度": "5", "基础属性1": "物理伤害加成9.0%", "基础属性2": "基础攻击力48", "介绍": "西风骑士团的灵魂。历经千年仍在呼唤你卷起正义之风，祓除奸邪，一如上一位挥舞此剑的女杰。", "技能名称": "西风之鹰的抗争", "效果介绍": "攻击力提高20%/25%/30%/35%/40%；受到伤害时触发：高扬抗争旗号的西风鹰之魂苏醒，恢复同等与攻击力的100%/115%/130%/145%/160%生命值，并对周围的敌人造成200%/230%/260%/290%/320%攻击力的伤害。该效果每15秒只能触发一次。", "获取途径": "祈愿", "TAG": "攻击力、生命回复、额外伤害"}
{"武器名称": "苍古自由之誓", "类型": "单手剑", "稀有度": "5", "基础属性1": "元素精通43", "基础属性2": "基础攻击力46", "介绍": "如同悠古的歌声一般苍蓝的直剑，如同风之国土自由的誓言一般锐利的武器。", "技能名称": "抗争的践行之歌", "效果介绍": "飘游风中的「千年的大乐章」的一部分。伤害提升10%/12.5%/15%/17.5%/20%；触发元素反应时，角色获得一枚奋起之符，每0.5秒内至多触发一次，角色处于队伍后台也能触发。拥有2枚奋起之符时，将消耗所有奋起之符，使附近队伍中所有角色获得持续12秒的「千年的大乐章·抗争之歌」效果：普通攻击、重击、下落攻击造成的伤害提升16%/20%/24%/28%/32%，攻击力提升20%/25%/30%/35%/40%。触发后20秒内，无法再次获得奋起之符。「千年的大乐章」触发的多种数值效果中，同类数值效果不可叠加。", "获取途径": "限定祈愿", "TAG": ""}
{"武器名称": "暗巷闪光", "类型": "单手剑", "稀有度": "4", "基础属性1": "元素精通12", "基础属性2": "基础攻击力45", "介绍": "有着黑夜颜色的笔直长剑，曾属于穿行于暗巷的盗贼。", "技能名称": "街巷游侠", "效果介绍": "造成的伤害提升12%/15%/18%/21%/24%，受到伤害后的5秒内失效。", "获取途径": "限定祈愿", "TAG": "伤害加成"}
{"武器名称": "腐殖之剑", "类型": "单手剑", "稀有度": "4", "基础属性1": "元素充能效率10.0%", "基础属性2": "基础攻击力42", "介绍": "希冀着生命的诡谲直剑，附有连龙也能侵蚀的腐殖之毒。", "技能名称": "无尽的渴慕", "效果介绍": "元素战技造成的伤害增加16/20/24/28/32%，元素战技的暴击率提升6/7.5/9/10.5/12%。", "获取途径": "活动(已结束)", "TAG": "元素战技、伤害加成、暴击率"}
{"武器名称": "试作斩岩", "类型": "单手剑", "稀有度": "4", "基础属性1": "物理伤害加成7.5%", "基础属性2": "基础攻击力44", "介绍": "黑岩厂中秘藏的古老长剑。可挥砍断岩而刃不卷。", "技能名称": "碎石", "效果介绍": "普通攻击或重击命中时，攻击力（原为基础攻击力）和防御力提高4%/5%/6%/7%/8%，持续6秒，最多叠加4层。该效果每0.3秒只能触发一次。", "获取途径": "锻造、冒险等阶10级奖励获取、完成星之归还活动获取", "TAG": "物理伤害、攻击力、防御力、层数叠加"}
{"武器名称": "黑剑", "类型": "单手剑", "稀有度": "4", "基础属性1": "暴击率6.0%", "基础属性2": "基础攻击力42", "介绍": "渴求着纷争与砍杀的漆黑长剑，据说会让人沉醉在浴血厮杀的亢奋中。", "技能名称": "「正义」", "效果介绍": "普通攻击与重击造成的伤害提升20%/25%/30%/35%/40%；此外普通攻击和重击暴击时，恢复等同于攻击力60/70/80/90/100%的生命值。该效果每5秒至多发动一次。", "获取途径": "纪行", "TAG": "普通攻击、重击、生命回复、暴击率"}
{"武器名称": "黑岩长剑", "类型": "单手剑", "稀有度": "4", "基础属性1": "暴击伤害8.0%", "基础属性2": "基础攻击力44", "介绍": "黑岩锻造而成的长剑。玄色的剑身隐隐流露血光。", "技能名称": "乘胜追击", "效果介绍": "击败敌人后，攻击力提升12%/15%/18%/21%/24%，持续30秒。该效果至多叠加三层，每层持续时间独立。", "获取途径": "商城兑换", "TAG": "对象限制、层数叠加"}
{"武器名称": "西风剑", "类型": "单手剑", "稀有度": "4", "基础属性1": "元素充能效率13.3%", "基础属性2": "基础攻击力41", "介绍": "西风骑士团的制式长剑。轻快锐利之余，也能轻易导出元素力量。", "技能名称": "顺风而行", "效果介绍": "攻击造成暴击时，有60%/70%/80%/90%/100%的几率产生少量元素微粒，能为角色恢复6点元素能量。该效果每12/10.5/9/7.5/6秒只能触发一次。", "获取途径": "祈愿", "TAG": "能量回复、自身限制"}
{"武器名称": "降临之剑", "类型": "单手剑", "稀有度": "4", "基础属性1": "攻击力7.7%", "基础属性2": "基础攻击力39", "介绍": "造型独特的剑。看起来并不属于这个世界。", "技能名称": "降世", "效果介绍": "仅在\"PlayStation Network\"游玩时生效。\n普通攻击与重击命中敌人后有50%概率在小范围内造成200%攻击力的伤害。该效果每10秒只能触发一次;此外，旅行者装备降临之剑时，攻击力提升66点。\n该武器技能效果初始即满级，无法精炼。", "获取途径": "\"PlayStation Network\"的玩家特典奖励", "TAG": "额外伤害、自身限制、攻击力"}
{"武器名称": "匣里龙吟", "类型": "单手剑", "稀有度": "4", "基础属性1": "攻击力9.0%", "基础属性2": "基础攻击力42", "介绍": "雕饰浮华的利刃，却丝毫不损它的柔韧与锋锐。破空之声有如龙吟。", "技能名称": "踏火息雷", "效果介绍": "对处于火元素或雷元素影响下的敌人，造成的伤害提高20%/24%/28%/32%/36%。", "获取途径": "祈愿", "TAG": "火、雷、伤害加成"}
{"武器名称": "祭礼剑", "类型": "单手剑", "稀有度": "4", "基础属性1": "元素充能效率13.3%", "基础属性2": "基础攻击力41", "介绍": "在漫长岁月中石化的道具剑，上面的仪式性装饰依然清晰可见。拥有受时间之风冲刷的祝福力量。", "技能名称": "气定神闲", "效果介绍": "元素战技造成伤害时，有40%/50%/60%/70%/80%概率重置该技能的冷却时间，该效果每30/26/22/19/16秒只能触发一次。", "获取途径": "祈愿", "TAG": "元素战技"}
{"武器名称": "天目影打刀", "类型": "单手剑", "稀有度": "4", "基础属性1": "攻击力12%", "基础属性2": "基础攻击力41", "介绍": "传说中连以神速见长的天狗都能斩落的名士订制的刀。", "技能名称": "岩藏之胤", "效果介绍": "施放元素战技后，获得1个胤种，该效果每5秒至多触发一次。胤种持续30秒，至多同时存在3个。施放元素爆发后，会清除持有的所有胤种，并在2秒之后，基于消耗的胤种数量，每个为该角色恢复6/7.5/9/10.5/12点元素能量。", "获取途径": "锻造、完成农民的宝藏的任务可获得锻造图纸", "TAG": "能量回复"}
{"武器名称": "飞天御剑", "类型": "单手剑", "稀有度": "3", "基础属性1": "元素充能效率11.3%", "基础属性2": "基础攻击力38", "介绍": "可靠的钢剑，传说著名的「御剑公子」曾试图借助它飞天。", "技能名称": "决心", "效果介绍": "施放元素爆发后，提高12%/15%/18%/21%/24%攻击力和移动速度，持续15秒。", "获取途径": "祈愿", "TAG": "攻击力、移动速度"}
{"武器名称": "冷刃", "类型": "单手剑", "稀有度": "3", "基础属性1": "攻击力7.7%", "基础属性2": "基础攻击力39", "介绍": "多层锻打的精钢铸就的可靠兵器，曾见证旧主诸多冒险奇谭。", "技能名称": "止水融冰", "效果介绍": "对处于水元素或冰元素影响下的敌人，造成的伤害提高12%/15%/18%/21%/24%。", "获取途径": "祈愿", "TAG": "水、冰、伤害加成"}
{"武器名称": "笛剑", "类型": "单手剑", "稀有度": "4", "基础属性1": "攻击力9.0%", "基础属性2": "基础攻击力42", "介绍": "细剑的锈迹下透露出原本华丽的装饰，挥舞时轻若无物。", "技能名称": "和弦", "效果介绍": "普通攻击或重击命中时，会获得一个和音。积攒了5个和音后，释放音律的力量，对周围的敌人造成100%/125%/150%/175%/200%攻击力的伤害。和音最多存在30秒，每0.5秒至多获得1个和音。", "获取途径": "祈愿", "TAG": "层数叠加、额外伤害"}
{"武器名称": "暗铁剑", "类型": "单手剑", "稀有度": "3", "基础属性1": "元素精通31", "基础属性2": "基础攻击力39", "介绍": "其实就是稍微有些黑的铁剑。", "技能名称": "过载", "效果介绍": "触发超载、超导、感电或雷元素扩散反应后的12秒内，攻击力提高20%/25%/30%/35%/40%。", "获取途径": "对话、与璃月港快刀陈对话(全图仅一把)", "TAG": "元素反应、攻击力、雷"}
{"武器名称": "铁蜂刺", "类型": "单手剑", "稀有度": "4", "基础属性1": "元素精通36", "基础属性2": "基础攻击力42", "介绍": "外形流利的细长刺剑，是从异国经由商路流落到璃月的奇异兵器。轻快无比，剑芒极其锐利。", "技能名称": "注能之刺", "效果介绍": "造成元素伤害后的6秒内，角色造成的伤害提高6%/7.5%/9%/10.5%/12%，该效果最多叠加2层。该效果每1秒可以触发一次。", "获取途径": "锻造", "TAG": "伤害加成、层数叠加"}
{"武器名称": "宗室长剑", "类型": "单手剑", "稀有度": "4", "基础属性1": "攻击力9.0%", "基础属性2": "基础攻击力42", "介绍": "曾支配蒙德的旧日贵族的佩剑。做工精良，装饰与雕花彰显着挥舞者的身份。", "技能名称": "专注", "效果介绍": "攻击造成伤害时，暴击率提升8%/10%/12%/14%/16%，最多堆叠5次。攻击造成暴击后，移除已有的专注效果。", "获取途径": "商城兑换", "TAG": "暴击率、层数叠加"}
{"武器名称": "黎明神剑", "类型": "单手剑", "稀有度": "3", "基础属性1": "暴击伤害10.2%", "基础属性2": "基础攻击力39", "介绍": "一把曾经耀若朝阳的宝剑，掌握它的人会获得「自我感觉良好」的力量加持。剑身上的发光材料已经褪去。", "技能名称": "激励", "效果介绍": "生命值高于90%时，暴击率提升14%/17.5%/21%/24.5%/28%", "获取途径": "祈愿、任务、（海盗秘宝孔雀羽之章）", "TAG": "暴击率、自身限制"}
{"武器名称": "吃虎鱼刀", "类型": "单手剑", "稀有度": "3", "基础属性1": "攻击力7.7%", "基础属性2": "基础攻击力39", "介绍": "用来剖鱼的锋利铁刀，刀身狭长，非常锋利", "技能名称": "决", "效果介绍": "攻击命中时，有50%的概率对单个敌人造成240%/280%/320%/360%/400%攻击力的伤害。该效果每15/14/13/12/11秒只能触发一次。", "获取途径": "宝箱、与稻妻铁匠铺旁边的老人（铁匠的师傅）对话获取", "TAG": "额外伤害"}
{"武器名称": "旅行剑", "类型": "单手剑", "稀有度": "3", "基础属性1": "防御力6.4%", "基础属性2": "基础攻击力40", "介绍": "趁手的钢剑，剑柄里藏着剪子、放大镜、火绒等方便旅行的小物件。", "技能名称": "旅程", "效果介绍": "获得元素晶球或元素微粒时，恢复1%/1.25%/1.5%/1.75%/2%生命值。", "获取途径": "宝箱", "TAG": "生命回复"}
{"武器名称": "银剑", "类型": "单手剑", "稀有度": "2", "基础属性1": "无", "基础属性2": "基础攻击力33", "介绍": "能退魔的银剑。大家都知道，其实用料是银合金而不是纯银。", "技能名称": "无", "效果介绍": "无", "获取途径": "宝箱、商店购买", "TAG": "无特点"}
