﻿CharacterID,name,title,gender,rarity,pool,constellation,specialCuisine,equipDate,tag,intro,LABEL
#0,埃洛伊,异界的救世主,女,5星,限定UP,诺拉勇者座,饱腹感凝胶,2021年9月1日(PS4/PS5) 10月13日(全平台),自身附魔、加攻、自身伤害提升、生物亲和、减攻,N/A,Character
#1,雷泽,狼少年,男,4星,常驻UP,小狼座,爪爪土豆饼,2020年09月15日,减防、冲刺消耗减少、自身伤害提升、自身抗性提高、自身抗打断、感电免疫,住在蒙德地区奔狼领，远离城市与人群，和狼一同生活的少年。直觉锐利，身姿迅捷。,Character
#2,琴·古恩希尔德,蒲公英骑士,女,5星,常驻UP,幼狮座,提神醒脑披萨,2020年09月15日,治疗、控制、聚怪、减抗、能量回复、攻速提升、移速提升、伤害减免、元素附着、烹饪,正直严谨的蒲公英骑士，蒙德西风骑士团的代理团长。,Character
#3,重云,雪融有踪,男,4星,常驻UP,乾坤锋座,山珍凉卤面,2020年09月15日,减抗、元素附魔、冷却缩减、攻速提升、派遣、自身伤害提升,驱邪世家的年轻方士，为压制自身的【纯阳之体】费尽心机。,Character
#4,七七,冻冻回魂夜,女,5星,常驻UP,三清铃座,没有未来菜,2020年09月15日,治疗、复活、减攻、能量回复、特产探索、自身伤害提升,药庐“不卜庐”的采药姑娘兼学徒，面色苍白如纸的不死之人。话很少，也没有什么表情。曾因“仙缘”而拥有了被凡间称作僵尸的不死之身，外表永远停留在了逝去那年，年龄不可考。,Character
#5,迪卢克·莱艮芬德,晨曦的暗面,男,5星,常驻UP,夜枭座,「蒙德往事」,2020年09月15日,锻造返还、自身附魔、自身伤害加成,N/A,Character
#6,卯香菱,万民百味,女,4星,常驻UP,长杓座,万民堂水煮鱼,2020年09月15日,加攻、减抗、伤害提升、烹饪,来自璃月，名声在外的少女厨师，对料理之道极具热情，拿手麻辣菜肴堪称一绝。,Character
#7,北斗,N/A,女,4星,常驻UP,南天海山座,炝炒肉片,2020年09月15日,护盾、减抗、抗打断、游泳消耗减少、弹反、自身伤害提升,武装船队【南十字】的首领，豪快的大姐头。,Character
#8,行秋,少年春衫薄,男,4星,常驻UP,锦织座,江湖百味,2020年09月15日,治疗、减抗、抗打断、伤害减免、元素附着、炼金返还、自身伤害提升,经常能在书摊看到的少年人。手执长剑，胸中常怀侠义之心。,Character
#9,空/荧,旅行者,男/女,5星,常驻UP,旅人座,N/A,2020年09月15日,属性变换、暴击提升、能量回复、自身伤害提升、控制、减抗、自身治疗,从世界之外漂流而来的旅行者，被神带走血亲，自此踏上寻找七神之路。,Character
#10,刻晴,霆霓快雨,女,5星,常驻UP,金紫定垂座,绝境求生烤鱼,2020年09月15日,位移、能量回复、派遣、自身附魔、自身伤害提升,璃月七星之一，玉衡星。对「帝君一言而决的璃月」颇有微词——但实际上，神挺欣赏她这样的人。,Character
#11,班尼特,命运试金石,男,4星,常驻UP,险路座,提瓦特焦蛋,2020年09月15日,治疗、加攻、伤害提升、元素附着、元素附魔、派遣,蒙德的冒险家少年，拥有与他的善良毫不相称的霉运。,Character
#12,凯亚·亚尔伯里奇,寒风剑士,男,4星,常驻UP,孔雀羽座,果香串烤,2020年09月15日,护盾、能量回复、冲刺消耗减少、自身治疗、技能延长、自身伤害提升,异国面容的剑斗士，西风骑士团的头脑派人物。,Character
#13,阿斯托洛吉斯·莫娜·梅姬斯图斯,星天水镜,女,5星,常驻UP,映天座,至高的智慧（生活）,2020年09月15日,控制、嘲讽、伤害提升、暴击提升、炼金返还、快速移动、自身伤害提升,神秘的少女占星术士，声称自己是「伟大的占星术士莫娜」，拥有与名号相符的不俗实力，博学而高傲。,Character
#14,诺艾尔,未授勋之花,女,4星,常驻UP,心护座,厚云朵松饼,2020年09月15日,治疗、护盾、烹饪、技能延长、自身伤害提升,「西风骑士团」的可靠女仆，梦想有天能成为正式的骑士,Character
#15,丽莎·敏兹,蔷薇魔女,女,4星,常驻UP,沙漏座,魔法肉酱面,2020年09月15日,减防、炼金返还、自身抗打断,慵懒而博学的图书管理员，须弥教令院「两百年一见」的天才毕业生。,Character
#16,砂糖,N/A,女,4星,常驻UP,烧瓶座,伍玖叁式营养餐,2020年09月15日,聚怪、控制、伤害提升、精通加成、炼金返还,对万物充满好奇的炼金术士，「生物炼金」学派的研究者。,Character
#17,菲谢尔·冯·露弗施洛斯·那菲多特/艾咪,断罪皇女！！,女,4星,常驻UP,幻鸦座,祝圣交响乐,2020年09月15日,自身治疗、派遣,自称「断罪之皇女」，与名为奥兹的漆黑夜鸦同行的神秘少女,Character
#18,凝光,掩月天权,女,4星,常驻UP,玑衡仪座,乾坤摩拉肉,2020年09月15日,抗性提升、伤害提升、矿物探查,「璃月七星」中的「天权」，其名下财富之多，全大陆鲜有人能望其项背,Character
#19,可莉,逃跑的太阳,女,5星,限定UP,四叶草座,鱼香吐司,2020年10月20日,减防、能量回复、伤害提升、特产探索,西风骑士团禁闭室的常客，蒙德的爆破大师。人称「逃跑的太阳」。,Character
#20,荒泷一斗,花坂豪快,男,5星,限定UP,天牛座,N/A,2020年11月24日,N/A,精神小伙,Character
#21,巴巴托斯,风色诗人,男,5星,限定UP,歌仙座,真·风神杂烩菜,2020年09月28日,控制、聚怪、减抗、能量回复、滑翔消耗减少、自身伤害提升,蒙德城诸多吟游诗人中的一位，自由自在地穿行在街头巷尾,Character
#22,迪奥娜·凯茨莱茵,猫尾特调,女,4星,常驻UP,小猫座,绝对不是下酒菜,2020年11月11日,减攻、治疗、护盾、移速提升、元素附着、精通加成、体力消耗降低、烹饪、自身伤害提升,"遗传了稀薄的「非人」血统的少女,「猫尾酒馆」的超人气调酒师。猫耳娘，黑暗酿酒师",Character
#23,阿贾克斯,「公子」达达利亚,男,5星,限定UP,鲸天座,极致一钓,2020年11月11日,天赋提升,愚人众执行官第十一位，「公子」，其战绩威名远扬。,Character
#24,辛焱,燥热旋律,女,4星,常驻UP,红檀四弦座,摇·滚·鸡！,2020年12月01日,护盾、减抗、伤害提升、元素附着、烹饪,璃月港唯一的摇滚歌手，以音乐和热情歌颂着对「成见」的反抗。,Character
#25,阿贝多,白垩之子,男,5星,限定UP,白垩之子座,「林之梦」,2020年12月23日,伤害提升、精通加成、炼金返还、自身伤害提升,西风骑士团首席炼金术师兼调查小队队长，被称作「白垩之子」的天才,Character
#26,摩拉克斯,尘世闲游,男,5星,限定UP,岩王帝君座,文火慢炖腌笃鲜,2020年12月01日,治疗、控制、减抗、护盾、护盾强效、锻造返还、自身伤害提升、自身抗打断,"被「往生堂」请来的神秘客人,知识渊博,对各种事物都颇有见地。",Character
#27,魈,护法夜叉,男,5星,限定UP,金翅鹏王座,「美梦」,2021年02月03日,位移、攀爬消耗减少、自身伤害提升、下落免疫,守护璃月的仙人，「夜叉」。美号「降魔大圣」，妙称「护法夜叉大将」。,Character
#28,甘雨,循循守月,女,5星,限定UP,仙麟座,盛世太平,2021年01月12日,嘲讽、减抗、伤害提升、锻造返还,月海亭的秘书，体内流淌着仙兽「麒麟」的血脉。,Character
#29,罗莎莉亚,棘冠恩典,女,4星,常驻UP,荆冠座,审判的晚宴,2021年04月06日,暴击提升、移速提升、移速提升（天赋）,除了打扮哪里都不像神职人员的修女。冷淡的言行中透着锐利。总是单独行动。,Character
#30,烟绯,N/A,女,4星,常驻UP,法兽座,「自有方圆」,2021年04月28日,自身体力消耗降低、自身伤害提升、特产探索、自身抗打断、护盾,活跃在璃月港的知名律师咨询师，混有仙兽血脉的精明少女。,Character
#31,枫原万叶,红叶逐荒波,男,5星,限定UP,枫红座,雨奇晴好,2021年06月29日,伤害提升、聚怪、位移、冲刺消耗减少、精通加成,来自稻妻的浪人武士，如今栖身于璃月船队「南十字」中。性情温和而洒脱，心中埋藏着许多往事。,Character
#32,胡桃,雪霁梅香,女,5星,限定UP,引蝶座,幽幽大行军,2021年03月02日,自身附魔、自身治疗、暴击提升、自身伤害提升、烹饪、自身体力消耗降低、自身抗打断、自身抗性提高,「往生堂」七十七代堂主，年纪轻轻就已主掌璃月的葬仪事务,Character
#33,优菈·劳伦斯,浪沫的旋舞,女,5星,限定UP,浪沫座,骇浪派,2021年05月18日,减抗、炼金返还、自身伤害提升、自身抗打断、物理输出,古老家族出身的「浪花骑士」，西风骑士团游击小队队长。身为旧贵族后裔却加入了堪称死对头的西风骑士团，该事件至今仍是蒙德一大谜团。,Character
#34,神里绫华,白鹭霜华,女,5星,限定UP,雪鹤座,「红炉一点雪」,2021年07月21日,减防、炼金返还、快速移动、自身附魔、自身伤害提升,稻妻「社奉行」神里家的大小姐。端庄而文雅，聪慧又坚韧。,Character
#35,九条裟罗,黑羽鸣镝,女,4星,常驻UP,羽团扇座,永恒的信仰,2021年09月01日,加攻、爆伤提升、能量回复、派遣,「天领奉行」的大将，杀伐果断，骁勇善战。,Character
#36,长野原宵宫,琉焰华舞,女,5星,限定UP,琉金座,夏祭游鱼,2021年08月10日,加攻、家园制造相关、自身附魔、自身伤害提升,「长野原烟花店」店长，「夏祭的女王」，将人们的愿望寄托于烟花中的能工巧匠。,Character
#37,珊瑚宫心海,真珠之智,女,5星,限定UP,眠龙座,「奇策」,2021年09月21日,治疗、游泳消耗减少,海衹岛的「现人神巫女」，统管海祇岛各项事宜的少女。,Character
#38,托马,渡来介者,男,4星,常驻UP,赤楯座,N/A,2021年11月02日,N/A,N/A,Character
#39,早柚,忍里之貉,女,4星,常驻UP,小貉座,头晕回避术·改,2021年08月10日,治疗、生物亲和、高速移动,属于「终末番」的忍者。身形小巧，总像没睡饱一样。,Character
#40,巴尔泽布/雷电影,一心净土,女,5星,限定UP,天下人座,N/A,2021年09月01日,加攻、伤害提升、能量回复、冷却缩减、突破返还、自身抗打断、自身伤害提升、感电免疫,其身为御建鸣神主尊大御所大人，许稻妻人民以亘古不变的「永恒」。,Character
#41,五郎,戎犬锵锵,男,4星,常驻UP,柴犬座,N/A,2021年11月24日,N/A,N/A,Character
