﻿CountryID,name,eng_name,army,desc,background,LABEL
c0,蒙德,Mondstadt,西风骑士团,蒙德是游戏《原神》及其衍生作品中的一个国家。位于提瓦特大陆的北边。蒙德是提瓦特大陆七国中的一个城邦。蒙德城四面被果酒湖包围，只有一座石桥与外界连接，在城市的最深处是一座宏伟的大教堂，名为'西风大教堂'，教堂外的广场上竖立着风神巴巴托斯的雕像。数千年前蒙德曾由'尘世七执政'中的'风神巴巴托斯'管理，但为了自由的风神放弃治理，只在蒙德由旧贵族统治的腐败时期进行过协助。当今实质的管理者是'西风骑士团'。,蒙德位于提瓦特大陆东北部的自由城邦。群山和广袤的平原间，自由之风携着蒲公英的气息吹拂过果酒湖，为坐落于湖心岛上的蒙德城送去风神巴巴托斯的祝福与恩泽。,Country
c1,璃月,Liyue,千岩军,璃月是游戏《原神》及其衍生作品中的一个国家，是提瓦特大陆七国中的一国。在七国中以「岩」为信仰。璃月港是全提瓦特大陆最繁华且吞吐量最大的港口，其黄金屋也是全提瓦特统一货币“摩拉”的唯一制造所。'。,N/A,Country
c2,稻妻,Inazuma,幕府军、珊瑚宫军,稻妻是游戏《原神》及其衍生作品中的国家，是提瓦特大陆七国中的一国，位于提瓦特大陆远东的封闭群岛。在七国中信仰「雷」元素力，统治者为信奉「永恒」的「雷电将军」巴尔泽布。原型为闭关锁国的日本幕府时期,N/A,Country
c3,至冬,Snezhnaya,愚人众,至冬，冰神所统治的国度，其势力愚人众分布大陆各地。,N/A,Country
c4,其他,N/A,N/A,N/A,N/A,Country
