﻿ElementID,name,reaction,resonance,LABEL
e0,火,火元素附着：「火元素」属性的攻击，可能会使生物附着火元素。火元素与其他元素交汇时，也可能会引发「元素反应」,热诚之火：冰元素附着的持续时间下降40%。攻击力提升25%。,Element
e1,水,水元素附着：「水元素」属性的攻击，可能会使生物附着水元素。水元素与其他元素交汇时，也可能会引发「元素反应」,愈疗之水：火元素附着的持续时间下降40%。受治疗效果提升30%。,Element
e2,草,部分怪物的装备（如图  木盾丘丘人  的盾牌）或物体属于草元素，可以使用火元素烧掉,N/A,Element
e3,雷,雷元素附着：「雷元素」属性的攻击，可能会使生物附着雷元素。雷元素与其他元素交汇时，也可能会引发「元素反应」,强能之雷：水元素附着持续时间下降40%。触发超导、超载和感电反应时，有100%概率掉落1个雷元素微粒，冷却时间5秒。,Element
e4,风,扩散：风元素与一些元素交汇时，可能引发「扩散」！扩散能造成对应元素的伤害，产生附着，或进一步引发其他反应…,迅捷之风：体力消耗降低15%，移动速度提升10%，技能冷却时间缩短5%。,Element
e5,冰,冰元素附着：被「冰元素」攻击集中的话，会附着冰元素属性。并使移动速度降低。冰元素与其他元素交汇时，也可能会引发「元素反应」,粉碎之冰：雷元素附着持续时间下降40%。攻击冰元素附着或冻结状态下的敌人时，暴击率提高15%。,Element
e6,岩,结晶：「岩元素」与一些水/火/雷/冰元素接触时，会发生FFF反应！这种反应能产生对应元素的晶片，能为角色提供各种元素护盾！利用结晶反应，可以有效降低战斗中受到的伤害…,坚定之岩：护盾强效提升15%。角色处于护盾保护状态时，造成的伤害提升15%，对敌人造成伤害时会使敌人的的岩元素抗性降低20%，持续15秒。,Element
