﻿END_ID,type,START_ID
e5,神之眼,#0
e3,神之眼,#1
e4,神之眼,#2
e5,神之眼,#3
e5,神之眼,#4
e0,神之眼,#5
e0,神之眼,#6
e3,神之眼,#7
e1,神之眼,#8
e3,神之眼,#9
e4,神之眼,#9
e6,神之眼,#9
e3,神之眼,#10
e0,神之眼,#11
e5,神之眼,#12
e1,神之眼,#13
e6,神之眼,#14
e3,神之眼,#15
e4,神之眼,#16
e3,神之眼,#17
e6,神之眼,#18
e0,神之眼,#19
e6,神之眼,#20
e4,神之眼,#21
e5,神之眼,#22
e1,神之眼,#23
e0,神之眼,#24
e6,神之眼,#25
e6,神之眼,#26
e4,神之眼,#27
e5,神之眼,#28
e5,神之眼,#29
e0,神之眼,#30
e4,神之眼,#31
e0,神之眼,#32
e5,神之眼,#33
e5,神之眼,#34
e3,神之眼,#35
e0,神之眼,#36
e1,神之眼,#37
e0,神之眼,#38
e4,神之眼,#39
e3,神之眼,#40
e6,神之眼,#41
