﻿END_ID,type,START_ID
wt4,使用,#0
wt1,使用,#1
wt0,使用,#2
wt1,使用,#3
wt0,使用,#4
wt1,使用,#5
wt2,使用,#6
wt1,使用,#7
wt0,使用,#8
wt0,使用,#9
wt0,使用,#10
wt0,使用,#11
wt0,使用,#12
wt3,使用,#13
wt1,使用,#14
wt3,使用,#15
wt3,使用,#16
wt4,使用,#17
wt3,使用,#18
wt3,使用,#19
wt1,使用,#20
wt4,使用,#21
wt4,使用,#22
wt4,使用,#23
wt1,使用,#24
wt0,使用,#25
wt2,使用,#26
wt2,使用,#27
wt4,使用,#28
wt2,使用,#29
wt3,使用,#30
wt0,使用,#31
wt2,使用,#32
wt1,使用,#33
wt0,使用,#34
wt4,使用,#35
wt4,使用,#36
wt3,使用,#37
wt2,使用,#38
wt1,使用,#39
wt2,使用,#40
wt4,使用,#41
