﻿END_ID,type,START_ID
e1,蒸发,e0
e2,燃烧,e0
e3,超载,e0
e4,扩散,e0
e5,融化,e0
e6,结晶,e0
e0,蒸发,e1
e3,感电,e1
e4,扩散,e1
e5,冻结,e1
e6,结晶,e1
e0,燃烧,e2
e4,扩散,e2
e6,结晶,e2
e0,超载,e3
e1,感电,e3
e4,扩散,e3
e5,超导,e3
e6,结晶,e3
e0,扩散,e4
e1,扩散,e4
e2,扩散,e4
e3,扩散,e4
e5,扩散,e4
e0,融化,e5
e1,冻结,e5
e3,超导,e5
e4,扩散,e5
e6,结晶,e5
e0,结晶,e6
e1,结晶,e6
e2,结晶,e6
e3,结晶,e6
e4,扩散,e6
e5,结晶,e6
