﻿END_ID,type,START_ID
m44,需求,w0
m61,需求,w0
m62,需求,w0
m75,需求,w0
m114,需求,w0
m115,需求,w0
m33,需求,w1
m84,需求,w1
m85,需求,w1
m94,需求,w1
m125,需求,w1
m127,需求,w1
m27,需求,w2
m67,需求,w2
m96,需求,w2
m97,需求,w2
m103,需求,w2
m106,需求,w2
m42,需求,w3
m51,需求,w3
m52,需求,w3
m98,需求,w3
m130,需求,w3
m131,需求,w3
m40,需求,w4
m71,需求,w4
m99,需求,w4
m100,需求,w4
m124,需求,w4
m126,需求,w4
m34,需求,w5
m81,需求,w5
m86,需求,w5
m87,需求,w5
m141,需求,w5
m142,需求,w5
m42,需求,w6
m51,需求,w6
m52,需求,w6
m81,需求,w6
m141,需求,w6
m142,需求,w6
m30,需求,w7
m71,需求,w7
m77,需求,w7
m78,需求,w7
m124,需求,w7
m126,需求,w7
m30,需求,w8
m71,需求,w8
m77,需求,w8
m78,需求,w8
m124,需求,w8
m126,需求,w8
m34,需求,w9
m70,需求,w9
m86,需求,w9
m87,需求,w9
m107,需求,w9
m108,需求,w9
m40,需求,w10
m67,需求,w10
m99,需求,w10
m100,需求,w10
m103,需求,w10
m106,需求,w10
m33,需求,w11
m67,需求,w11
m84,需求,w11
m85,需求,w11
m103,需求,w11
m106,需求,w11
m30,需求,w12
m71,需求,w12
m77,需求,w12
m78,需求,w12
m124,需求,w12
m126,需求,w12
m27,需求,w13
m55,需求,w13
m96,需求,w13
m97,需求,w13
m139,需求,w13
m140,需求,w13
m27,需求,w14
m75,需求,w14
m96,需求,w14
m97,需求,w14
m114,需求,w14
m115,需求,w14
m33,需求,w15
m84,需求,w15
m85,需求,w15
m111,需求,w15
m112,需求,w15
m30,需求,w16
m77,需求,w16
m78,需求,w16
m98,需求,w16
m130,需求,w16
m131,需求,w16
m27,需求,w17
m75,需求,w17
m96,需求,w17
m97,需求,w17
m114,需求,w17
m115,需求,w17
m40,需求,w18
m71,需求,w18
m99,需求,w18
m100,需求,w18
m124,需求,w18
m126,需求,w18
m30,需求,w19
m70,需求,w19
m77,需求,w19
m78,需求,w19
m107,需求,w19
m108,需求,w19
m42,需求,w20
m51,需求,w20
m52,需求,w20
m98,需求,w20
m130,需求,w20
m131,需求,w20
m42,需求,w21
m51,需求,w21
m52,需求,w21
m98,需求,w21
m130,需求,w21
m131,需求,w21
m42,需求,w22
m51,需求,w22
m52,需求,w22
m81,需求,w22
m141,需求,w22
m142,需求,w22
m49,需求,w23
m50,需求,w23
m111,需求,w23
m112,需求,w23
m27,需求,w24
m55,需求,w24
m96,需求,w24
m97,需求,w24
m139,需求,w24
m140,需求,w24
m34,需求,w25
m75,需求,w25
m86,需求,w25
m87,需求,w25
m114,需求,w25
m115,需求,w25
m34,需求,w26
m67,需求,w26
m86,需求,w26
m87,需求,w26
m103,需求,w26
m106,需求,w26
m34,需求,w27
m55,需求,w27
m86,需求,w27
m87,需求,w27
m139,需求,w27
m140,需求,w27
m27,需求,w28
m81,需求,w28
m96,需求,w28
m97,需求,w28
m141,需求,w28
m142,需求,w28
m30,需求,w29
m55,需求,w29
m77,需求,w29
m78,需求,w29
m139,需求,w29
m140,需求,w29
m49,需求,w30
m50,需求,w30
m98,需求,w30
m130,需求,w30
m131,需求,w30
m40,需求,w31
m98,需求,w31
m99,需求,w31
m100,需求,w31
m130,需求,w31
m131,需求,w31
m42,需求,w32
m51,需求,w32
m52,需求,w32
m67,需求,w32
m103,需求,w32
m106,需求,w32
m30,需求,w33
m75,需求,w33
m77,需求,w33
m78,需求,w33
m114,需求,w33
m115,需求,w33
m42,需求,w34
m51,需求,w34
m52,需求,w34
m70,需求,w34
m107,需求,w34
m108,需求,w34
m44,需求,w35
m61,需求,w35
m62,需求,w35
m98,需求,w35
m130,需求,w35
m131,需求,w35
m40,需求,w36
m70,需求,w36
m99,需求,w36
m100,需求,w36
m107,需求,w36
m108,需求,w36
m34,需求,w37
m55,需求,w37
m86,需求,w37
m87,需求,w37
m139,需求,w37
m140,需求,w37
m44,需求,w38
m61,需求,w38
m62,需求,w38
m71,需求,w38
m124,需求,w38
m126,需求,w38
m42,需求,w39
m51,需求,w39
m52,需求,w39
m55,需求,w39
m139,需求,w39
m140,需求,w39
m34,需求,w40
m86,需求,w40
m87,需求,w40
m98,需求,w40
m130,需求,w40
m131,需求,w40
m44,需求,w41
m61,需求,w41
m62,需求,w41
m81,需求,w41
m141,需求,w41
m142,需求,w41
m30,需求,w42
m71,需求,w42
m77,需求,w42
m78,需求,w42
m124,需求,w42
m126,需求,w42
m40,需求,w43
m67,需求,w43
m99,需求,w43
m100,需求,w43
m103,需求,w43
m106,需求,w43
m44,需求,w44
m55,需求,w44
m61,需求,w44
m62,需求,w44
m139,需求,w44
m140,需求,w44
m44,需求,w45
m55,需求,w45
m61,需求,w45
m62,需求,w45
m139,需求,w45
m140,需求,w45
m44,需求,w46
m61,需求,w46
m62,需求,w46
m71,需求,w46
m124,需求,w46
m126,需求,w46
m42,需求,w47
m51,需求,w47
m52,需求,w47
m81,需求,w47
m141,需求,w47
m142,需求,w47
m34,需求,w48
m75,需求,w48
m86,需求,w48
m87,需求,w48
m114,需求,w48
m115,需求,w48
m47,需求,w49
m48,需求,w49
m111,需求,w49
m112,需求,w49
m49,需求,w50
m50,需求,w50
m75,需求,w50
m114,需求,w50
m115,需求,w50
m42,需求,w51
m51,需求,w51
m52,需求,w51
m98,需求,w51
m130,需求,w51
m131,需求,w51
m30,需求,w52
m67,需求,w52
m77,需求,w52
m78,需求,w52
m103,需求,w52
m106,需求,w52
m40,需求,w53
m70,需求,w53
m99,需求,w53
m100,需求,w53
m107,需求,w53
m108,需求,w53
m40,需求,w54
m55,需求,w54
m99,需求,w54
m100,需求,w54
m139,需求,w54
m140,需求,w54
m42,需求,w55
m51,需求,w55
m52,需求,w55
m70,需求,w55
m107,需求,w55
m108,需求,w55
m27,需求,w56
m71,需求,w56
m96,需求,w56
m97,需求,w56
m124,需求,w56
m126,需求,w56
m44,需求,w57
m61,需求,w57
m62,需求,w57
m67,需求,w57
m103,需求,w57
m106,需求,w57
m34,需求,w58
m70,需求,w58
m86,需求,w58
m87,需求,w58
m107,需求,w58
m108,需求,w58
m44,需求,w59
m61,需求,w59
m62,需求,w59
m75,需求,w59
m114,需求,w59
m115,需求,w59
m44,需求,w60
m61,需求,w60
m62,需求,w60
m75,需求,w60
m114,需求,w60
m115,需求,w60
m49,需求,w61
m50,需求,w61
m75,需求,w61
m114,需求,w61
m115,需求,w61
m34,需求,w62
m81,需求,w62
m86,需求,w62
m87,需求,w62
m141,需求,w62
m142,需求,w62
m42,需求,w63
m51,需求,w63
m52,需求,w63
m81,需求,w63
m141,需求,w63
m142,需求,w63
m49,需求,w64
m50,需求,w64
m75,需求,w64
m114,需求,w64
m115,需求,w64
m40,需求,w65
m55,需求,w65
m99,需求,w65
m100,需求,w65
m139,需求,w65
m140,需求,w65
m30,需求,w66
m67,需求,w66
m77,需求,w66
m78,需求,w66
m103,需求,w66
m106,需求,w66
m44,需求,w67
m61,需求,w67
m62,需求,w67
m75,需求,w67
m114,需求,w67
m115,需求,w67
m34,需求,w68
m81,需求,w68
m86,需求,w68
m87,需求,w68
m141,需求,w68
m142,需求,w68
m34,需求,w69
m67,需求,w69
m86,需求,w69
m87,需求,w69
m103,需求,w69
m106,需求,w69
m42,需求,w70
m51,需求,w70
m52,需求,w70
m98,需求,w70
m130,需求,w70
m131,需求,w70
m44,需求,w71
m55,需求,w71
m61,需求,w71
m62,需求,w71
m139,需求,w71
m140,需求,w71
m34,需求,w72
m81,需求,w72
m86,需求,w72
m87,需求,w72
m141,需求,w72
m142,需求,w72
m30,需求,w73
m71,需求,w73
m77,需求,w73
m78,需求,w73
m124,需求,w73
m126,需求,w73
m42,需求,w74
m51,需求,w74
m52,需求,w74
m98,需求,w74
m130,需求,w74
m131,需求,w74
m34,需求,w75
m42,需求,w75
m44,需求,w75
m51,需求,w75
m52,需求,w75
m61,需求,w75
m62,需求,w75
m67,需求,w75
m70,需求,w75
m75,需求,w75
m86,需求,w75
m87,需求,w75
m103,需求,w75
m106,需求,w75
m107,需求,w75
m108,需求,w75
m114,需求,w75
m115,需求,w75
m30,需求,w76
m67,需求,w76
m77,需求,w76
m78,需求,w76
m103,需求,w76
m106,需求,w76
m34,需求,w77
m75,需求,w77
m86,需求,w77
m87,需求,w77
m114,需求,w77
m115,需求,w77
m42,需求,w78
m51,需求,w78
m52,需求,w78
m81,需求,w78
m141,需求,w78
m142,需求,w78
m30,需求,w79
m77,需求,w79
m78,需求,w79
m98,需求,w79
m130,需求,w79
m131,需求,w79
m40,需求,w80
m67,需求,w80
m99,需求,w80
m100,需求,w80
m103,需求,w80
m106,需求,w80
m27,需求,w81
m81,需求,w81
m96,需求,w81
m97,需求,w81
m141,需求,w81
m142,需求,w81
m47,需求,w82
m48,需求,w82
m94,需求,w82
m125,需求,w82
m127,需求,w82
m40,需求,w83
m75,需求,w83
m99,需求,w83
m100,需求,w83
m114,需求,w83
m115,需求,w83
m44,需求,w84
m61,需求,w84
m62,需求,w84
m70,需求,w84
m107,需求,w84
m108,需求,w84
m33,需求,w85
m84,需求,w85
m85,需求,w85
m94,需求,w85
m125,需求,w85
m127,需求,w85
m42,需求,w86
m51,需求,w86
m52,需求,w86
m71,需求,w86
m124,需求,w86
m126,需求,w86
m27,需求,w87
m55,需求,w87
m96,需求,w87
m97,需求,w87
m139,需求,w87
m140,需求,w87
m44,需求,w88
m61,需求,w88
m62,需求,w88
m81,需求,w88
m141,需求,w88
m142,需求,w88
m27,需求,w89
m70,需求,w89
m96,需求,w89
m97,需求,w89
m107,需求,w89
m108,需求,w89
m30,需求,w90
m55,需求,w90
m77,需求,w90
m78,需求,w90
m139,需求,w90
m140,需求,w90
m27,需求,w91
m67,需求,w91
m96,需求,w91
m97,需求,w91
m103,需求,w91
m106,需求,w91
m34,需求,w92
m75,需求,w92
m86,需求,w92
m87,需求,w92
m114,需求,w92
m115,需求,w92
m44,需求,w93
m61,需求,w93
m62,需求,w93
m70,需求,w93
m107,需求,w93
m108,需求,w93
m42,需求,w94
m51,需求,w94
m52,需求,w94
m81,需求,w94
m141,需求,w94
m142,需求,w94
m34,需求,w95
m81,需求,w95
m86,需求,w95
m87,需求,w95
m141,需求,w95
m142,需求,w95
m34,需求,w96
m81,需求,w96
m86,需求,w96
m87,需求,w96
m141,需求,w96
m142,需求,w96
m30,需求,w97
m67,需求,w97
m77,需求,w97
m78,需求,w97
m103,需求,w97
m106,需求,w97
m40,需求,w98
m55,需求,w98
m99,需求,w98
m100,需求,w98
m139,需求,w98
m140,需求,w98
m33,需求,w99
m84,需求,w99
m85,需求,w99
m94,需求,w99
m125,需求,w99
m127,需求,w99
m34,需求,w100
m81,需求,w100
m86,需求,w100
m87,需求,w100
m141,需求,w100
m142,需求,w100
m44,需求,w101
m61,需求,w101
m62,需求,w101
m75,需求,w101
m114,需求,w101
m115,需求,w101
m42,需求,w102
m51,需求,w102
m52,需求,w102
m98,需求,w102
m130,需求,w102
m131,需求,w102
m44,需求,w103
m61,需求,w103
m62,需求,w103
m98,需求,w103
m130,需求,w103
m131,需求,w103
m44,需求,w104
m61,需求,w104
m62,需求,w104
m71,需求,w104
m124,需求,w104
m126,需求,w104
m30,需求,w105
m71,需求,w105
m77,需求,w105
m78,需求,w105
m124,需求,w105
m126,需求,w105
m34,需求,w106
m81,需求,w106
m86,需求,w106
m87,需求,w106
m141,需求,w106
m142,需求,w106
m40,需求,w107
m75,需求,w107
m99,需求,w107
m100,需求,w107
m114,需求,w107
m115,需求,w107
m44,需求,w108
m61,需求,w108
m62,需求,w108
m75,需求,w108
m114,需求,w108
m115,需求,w108
m34,需求,w109
m67,需求,w109
m86,需求,w109
m87,需求,w109
m103,需求,w109
m106,需求,w109
m40,需求,w110
m67,需求,w110
m99,需求,w110
m100,需求,w110
m103,需求,w110
m106,需求,w110
m42,需求,w111
m51,需求,w111
m52,需求,w111
m98,需求,w111
m130,需求,w111
m131,需求,w111
m33,需求,w112
m84,需求,w112
m85,需求,w112
m94,需求,w112
m125,需求,w112
m127,需求,w112
m27,需求,w113
m71,需求,w113
m96,需求,w113
m97,需求,w113
m124,需求,w113
m126,需求,w113
m44,需求,w114
m61,需求,w114
m62,需求,w114
m75,需求,w114
m114,需求,w114
m115,需求,w114
m34,需求,w115
m81,需求,w115
m86,需求,w115
m87,需求,w115
m141,需求,w115
m142,需求,w115
m40,需求,w116
m55,需求,w116
m99,需求,w116
m100,需求,w116
m139,需求,w116
m140,需求,w116
m27,需求,w117
m70,需求,w117
m96,需求,w117
m97,需求,w117
m107,需求,w117
m108,需求,w117
m44,需求,w118
m55,需求,w118
m61,需求,w118
m62,需求,w118
m139,需求,w118
m140,需求,w118
m34,需求,w119
m81,需求,w119
m86,需求,w119
m87,需求,w119
m141,需求,w119
m142,需求,w119
m30,需求,w120
m67,需求,w120
m77,需求,w120
m78,需求,w120
m103,需求,w120
m106,需求,w120
m42,需求,w121
m51,需求,w121
m52,需求,w121
m98,需求,w121
m130,需求,w121
m131,需求,w121
m44,需求,w122
m61,需求,w122
m62,需求,w122
m75,需求,w122
m114,需求,w122
m115,需求,w122
